old_commit	old_parent	old_tree	old_author_time	old_subject	old_patch_id	reaching_source_refs	new_commit	new_parent	new_tree	new_author_time	new_subject	new_patch_id	mapping_basis	disposition	notes
b33852517f8e19e1bddae3e42f90552201ff03d0		d411a3b149a159a068343825db09493f4d405a12	2026-04-02T10:32:15+09:00	chore(project): initialize risk-service layout	fa8630d754082274752e1d2285bbc9279d22634b	diagnostic-codex-5.6-red,pre-risk-v1							no_canonical_source_responsibility	delete_legacy_unique_unadvertised_graph	preserved_only_in_verified_source_rollback_bundle_until_fresh_clone_green
2e06e6a78ecf99d2790197a876535d2039942e2a	b33852517f8e19e1bddae3e42f90552201ff03d0	fbaf65f15bf14be8cf1f986b11c27ba8f7d2464f	2026-04-02T11:01:50+09:00	feat(policy): bind risk limits and pattern rules from application.yml	ef5d5da53f9be18ee9b18dee81de5cd81ba1239e	diagnostic-codex-5.6-red,pre-risk-v1	428250bc761023273fe58ade82a50dcff6562c0d	005a7391b814e03196e7d50e442abf8831d9089a	7db185960675f6d679ac0ad3525a205532a63aee	2026-04-02T11:01:50+09:00	feat(policy): bind risk policies from configuration	ef5d5da53f9be18ee9b18dee81de5cd81ba1239e	stable_patch_id	delete_legacy_duplicate_map_to_canonical_main	stable_patch_id_matches_main:433d240b5be76501ec7bd776456cf48e32139aff
3cab7abd889d378b87f49811639b6d8832dce807	2e06e6a78ecf99d2790197a876535d2039942e2a	53a1adfc26bc0ea16f419ecbc1e249fb0875f14c	2026-04-03T11:56:09+09:00	chore(project): ignore .claude/ session directory	55c2e699dbee39bc552b2e1ce0ace2bac94eae27	diagnostic-codex-5.6-red,pre-risk-v1							stable_patch_id_to_dropped_main_responsibility	delete_legacy_provenance_duplicate	stable_patch_id_matches_dropped_main_commit:51c5aeaf41272581b16485d16fc02b2d0c9acf44
56704525b285e9d8571b174d8b46ea787f8e81aa	3cab7abd889d378b87f49811639b6d8832dce807	b156d5a1f2b33648a3330e8267a1d435e681177e	2026-04-03T12:26:33+09:00	feat(counter): atomic sliding-window counter on Redis sorted set + sum key	1d2ec2bd58254765a4c6ccd02a720335c1f604e7	diagnostic-codex-5.6-red,pre-risk-v1	0378a751ac27e64657e6ca292d2fd0f07fd95c45	428250bc761023273fe58ade82a50dcff6562c0d	e679a2704cebc8ad88fc222a0340914b463f0a9d	2026-04-03T12:26:33+09:00	feat(counter): add atomic sliding-window counters	1d2ec2bd58254765a4c6ccd02a720335c1f604e7	stable_patch_id	delete_legacy_duplicate_map_to_canonical_main	stable_patch_id_matches_main:377bbc8e5158d77e3b16a817254b9c2eb19ad9e0
c62d775078e22ead27140ae2d0a8b6ac3bfc4742	56704525b285e9d8571b174d8b46ea787f8e81aa	8299bcea4d3d6064e14133779cb1752639cc1c8a	2026-04-06T10:32:45+09:00	feat(limit): Redis-backed per-subject overrides + policy-fallback resolver	bcdf8468ffc023a8b2d3095f23eb58508e532f78	diagnostic-codex-5.6-red,pre-risk-v1	5e0450449bdcc2373ba5bebd6bde4d0aeb0e1ba7	0378a751ac27e64657e6ca292d2fd0f07fd95c45	f0ce3986ff7efff54abf425490144509a6fef48a	2026-04-04T09:10:18+09:00	feat(limit): resolve scoped risk overrides	bcdf8468ffc023a8b2d3095f23eb58508e532f78	stable_patch_id	delete_legacy_duplicate_map_to_canonical_main	stable_patch_id_matches_main:ecd71f0e43fa132effea83852f1267917d6794e9
63a6c2d4595d0f466f2240327447e560a2590d8e	c62d775078e22ead27140ae2d0a8b6ac3bfc4742	0b8f1ac4bcb3f02bdf597b70238cda320555433d	2026-04-06T10:36:02+09:00	feat(pattern): rule engine with strategy-pattern rules for V1 detection	fb81f45d0c13d7679eca29f22baad2ab596f9095	diagnostic-codex-5.6-red,pre-risk-v1	64e3da8d045851b953c68778474d30ef3ca63ba2	5e0450449bdcc2373ba5bebd6bde4d0aeb0e1ba7	41a75746b3e6fe8587196bded961224bfaa5f1fd	2026-04-04T09:45:27+09:00	feat(pattern): evaluate suspicious betting patterns	fb81f45d0c13d7679eca29f22baad2ab596f9095	stable_patch_id	delete_legacy_duplicate_map_to_canonical_main	stable_patch_id_matches_main:140142456bdcb8422d15336d1149341b75257f99
f81f70ec13f35bc7e8418a2e208543d9a5131287	63a6c2d4595d0f466f2240327447e560a2590d8e	6549fdef17f049a6b46985919f0f67175cbb2485	2026-04-07T12:50:09+09:00	feat(api): synchronous check API + per-user limit management endpoints	ee83b95d9daf0bf09100ad446e9f2fbd8f83ab72	diagnostic-codex-5.6-red,pre-risk-v1	2d4c56235201da3e5466a18ce8d8764246f33a2e	64e3da8d045851b953c68778474d30ef3ca63ba2	a58de474807f6da2fefdada51ddb9a5c4040c43d	2026-04-04T10:20:41+09:00	feat(api): expose internal risk checks and limit controls	ee83b95d9daf0bf09100ad446e9f2fbd8f83ab72	stable_patch_id	delete_legacy_duplicate_map_to_canonical_main	stable_patch_id_matches_main:10ae0c29fa5f9a696b7d86fa7c046de691f544a9
6184f2cc4d944b85604a929d31b4209de06add69	f81f70ec13f35bc7e8418a2e208543d9a5131287	9426da22218a580b77ede98a781d4aee4e62663c	2026-04-07T13:23:25+09:00	feat(events): Kafka event sourcing for counters + risk event publishing	6ec60a46ea747bddc753bab2aff007286c31adc7	diagnostic-codex-5.6-red,pre-risk-v1	5012f3c523fa4d73270edbb0322d96cf1906b98b	2d4c56235201da3e5466a18ce8d8764246f33a2e	54051985157f86f78a2e5c7fbc072cf05cfc2de7	2026-04-04T11:05:22+09:00	feat(events): consume placed bets and publish risk events	6ec60a46ea747bddc753bab2aff007286c31adc7	stable_patch_id	delete_legacy_duplicate_map_to_canonical_main	stable_patch_id_matches_main:393edd219dae49e74f08fab8f88678fedbf4ed51
78e2d2dc7aa687508eef89be68d819b44f875bbf	6184f2cc4d944b85604a929d31b4209de06add69	4ff6796c02704fb7ca97b6ff8359beebe56ab818	2026-04-07T20:59:43+09:00	build(deps): add commons-pool2 for Lettuce connection pooling	2a706e744a447baa23ca8ba05412a29ee1fcc854	diagnostic-codex-5.6-red,pre-risk-v1	c7d65c00c5418017a663a4c07bbc8efdb835c0d1	5012f3c523fa4d73270edbb0322d96cf1906b98b	30f5549a384bddbddc7beab39bdfd1756d4be26e	2026-04-04T11:50:36+09:00	build(deps): enable Lettuce connection pooling	84a62424732be89a98fed17fcc1bc2ec104d03ca	stable_patch_id	delete_legacy_duplicate_map_to_canonical_main	stable_patch_id_matches_main:6469726543e64c0b648e121b5ce4a9705a93af31
e2a83092c6d0fd415ec223b3d0c33f7269e7d52f	78e2d2dc7aa687508eef89be68d819b44f875bbf	715ebc3b19eeb4e5e5086c02cc5aab2d0d666598	2026-04-08T14:59:23+09:00	test(load): record risk-service baseline (check API + Kafka produce)	e89644a5d55c6d72793e549f102cbc3a4b3d8cc8	diagnostic-codex-5.6-red,pre-risk-v1	aff43752e7934ea53a24c232c4119540a3dd0e92	c7d65c00c5418017a663a4c07bbc8efdb835c0d1	9b4a223d62bd50660de175e46b56779cacba6e4a	2026-04-04T12:35:14+09:00	test(load): establish risk performance baselines	62e5a6e2467f2edbb44d6609087083da6bc119b9	stable_patch_id	delete_legacy_duplicate_map_to_canonical_main	stable_patch_id_matches_main:8d41543871a7791dbe9917d81a747c9d90839006
27e7aee44ba65491428ebed719e34dc730c64b45	e2a83092c6d0fd415ec223b3d0c33f7269e7d52f	ca9f2753cee6440a57033b90effa8ffccf8342da	2026-04-08T20:59:54+09:00	docs(readme): record measured performance baseline	cada6537bb3bb19b6ca1541d51d664584f6c9f6f	diagnostic-codex-5.6-red,pre-risk-v1	b91c8f489acd76508ca15d4bde994b424b7f78ab	aff43752e7934ea53a24c232c4119540a3dd0e92	480c863e16a4a370df026dc9527c70e31b5e04b1	2026-04-04T13:20:53+09:00	docs(readme): document measured risk performance	1999b51b285e18a742616283cd66b72ff45d74e1	stable_patch_id	delete_legacy_duplicate_map_to_canonical_main	stable_patch_id_matches_main:c939550053ca3cb6a8762d4dcfcb68e8bf0b9772
d1e4cad57c615b8769d5b3efa27d57f8d5aa4c6f	27e7aee44ba65491428ebed719e34dc730c64b45	7a90493bbc4e003d58d551bcab0521c5ea2231fe	2026-04-09T14:59:09+09:00	fix(config): widen risk redis timeouts to survive cold-start connection init	3d1fb9858e808c62b04597866b93f2d550f5dc5d	diagnostic-codex-5.6-red,pre-risk-v1	102a48a25c3896a715c91a1b91b10c33d95ab254	b91c8f489acd76508ca15d4bde994b424b7f78ab	91e98aeafa8224bac3f4b6bacd735a3ce1da7e4d	2026-04-04T14:05:19+09:00	fix(config): separate Redis connection and command timeouts	3d1fb9858e808c62b04597866b93f2d550f5dc5d	stable_patch_id	delete_legacy_duplicate_map_to_canonical_main	stable_patch_id_matches_main:015cdfeef7ff4d04c254e77affb1c7f0d73c229b
271a1863ac8ea509cf56122c812e01c84e218c13	d1e4cad57c615b8769d5b3efa27d57f8d5aa4c6f	f14595d0b4de8eda4968f409b739d8d6ed1ae1d6	2026-04-13T09:46:58+09:00	docs(notes): publish study notes, reflections, and READMEs	6b651b0d73bf488a6ee989ac3dfbd5e273d998df	pre-risk-v1							no_canonical_source_responsibility	delete_legacy_unique_unadvertised_graph	preserved_only_in_verified_source_rollback_bundle_until_fresh_clone_green
e70809775c43de5b0c1454aa1ffb93d5e209e92d	271a1863ac8ea509cf56122c812e01c84e218c13	92ae06ba59c70de3f34d2d3741b5e2e36efcbe82	2026-04-13T15:58:27+09:00	docs(commits): publish per-commit answer keys	194b39cb206be2a3546ef67e3593584a572085e4	pre-risk-v1							no_canonical_source_responsibility	delete_legacy_unique_unadvertised_graph	preserved_only_in_verified_source_rollback_bundle_until_fresh_clone_green
827d0341a88303eced23a619c5d2cb806a7aa747	e70809775c43de5b0c1454aa1ffb93d5e209e92d	2d0141e172f203b8db386cc7796f03f05aab8061	2026-04-13T20:27:13+09:00	docs(practice): publish derived practice sheets	9fcffaf528261856b5deb6aa2101485860c84669	pre-risk-v1							no_canonical_source_responsibility	delete_legacy_unique_unadvertised_graph	preserved_only_in_verified_source_rollback_bundle_until_fresh_clone_green
cc640f45a60e8834910424aff874b6f051d6670d	827d0341a88303eced23a619c5d2cb806a7aa747	d4939cade6d84061fdd76e48c50f0afc26f8f112	2026-04-13T20:48:36+09:00	docs(commits): refresh stale diff-checkpoint commit hashes	b803f8720d36d9f40a3a94c644ba76e669242a32	pre-risk-v1							no_canonical_source_responsibility	delete_legacy_unique_unadvertised_graph	preserved_only_in_verified_source_rollback_bundle_until_fresh_clone_green
0296a8b8ba586d5e2ede4b24747f3d16f9f84b5b	cc640f45a60e8834910424aff874b6f051d6670d	1e0f429da324f0569074aadad5bf6fe5dc6f8893	2026-04-14T10:22:51+09:00	docs(practice): re-derive leaked TODOs to intent	af95d5c3b8c6762d5ebe67139a7eaeddbaba3e01	pre-risk-v1							no_canonical_source_responsibility	delete_legacy_unique_unadvertised_graph	preserved_only_in_verified_source_rollback_bundle_until_fresh_clone_green
68facdb2687be11b7c95344b2f65872188e96402	0296a8b8ba586d5e2ede4b24747f3d16f9f84b5b	08786d2861839e043e3ee75f7b3657240a34968a	2026-06-11T09:02:21+09:00	docs(commits): restore exact log strings in event publisher key	0e2e4a81e84a38f297a1a72bf530a831a4a0393f	pre-risk-v1							no_canonical_source_responsibility	delete_legacy_unique_unadvertised_graph	preserved_only_in_verified_source_rollback_bundle_until_fresh_clone_green
a2dc88f4c3a949cbae4e3067489fe553a3284569	68facdb2687be11b7c95344b2f65872188e96402	88962092bdebdbfb4459e1066179114162ed4925	2026-06-11T09:05:47+09:00	docs(practice): fix stale cumulative test count	33b0b6972e3e5316cf3440fcf4b1c407d4ccbca5	pre-risk-v1							no_canonical_source_responsibility	delete_legacy_unique_unadvertised_graph	preserved_only_in_verified_source_rollback_bundle_until_fresh_clone_green
5d8fc1d15c448bef1a8c7518f0445fc6d8768c5d	a2dc88f4c3a949cbae4e3067489fe553a3284569	3ece25d94df4b719231cd7672648a9e2f614de99	2026-06-11T09:08:13+09:00	docs(commits): add known source defect section to event wiring key	0bce1aa8192e39ab913fcad61091ed7e34a3ecc5	pre-risk-v1							no_canonical_source_responsibility	delete_legacy_unique_unadvertised_graph	preserved_only_in_verified_source_rollback_bundle_until_fresh_clone_green
48452718e108c4734892798a97d50db4907defb3	5d8fc1d15c448bef1a8c7518f0445fc6d8768c5d	c1d7a048aa22bc07dcc8cb5c8465487b1f41160b	2026-06-11T09:18:41+09:00	fix(event): align bet-placed topic with upstream publisher	3f798a960d753fac1355a58f7608bb08356cd045	pre-risk-v1	85eaca279c73e1ee7f1ebec9ab6c4656bc0deb54	102a48a25c3896a715c91a1b91b10c33d95ab254	c054d017aef30121d0e501863c32209390156067	2026-04-04T14:50:44+09:00	fix(event): align the placed-bet topic with the publisher	3f798a960d753fac1355a58f7608bb08356cd045	stable_patch_id	delete_legacy_duplicate_map_to_canonical_main	stable_patch_id_matches_main:3d0624ce31e01071262476918dbf98ad9fdad0ce
761ac375f534efa0b40f8de0819449e65d3e2fbb	48452718e108c4734892798a97d50db4907defb3	f5377d24aa853756a24a16c53f8ade2d036f49bc	2026-06-11T09:34:17+09:00	docs(commits): document phase 2 topic alignment fix	07d0ae6863424d3b38847f95ef535603f06ea053	pre-risk-v1							no_canonical_source_responsibility	delete_legacy_unique_unadvertised_graph	preserved_only_in_verified_source_rollback_bundle_until_fresh_clone_green
32af23ef76a9bc3356e5046dc25c80d030ecc2b4	761ac375f534efa0b40f8de0819449e65d3e2fbb	55ec2ce6463155ca70811339b8a0e1c73cfbcebd	2026-06-11T09:36:02+09:00	docs(practice): record 012 skip rationale	a5d052e45f3cac062582cc5b6b32f483be2ef41d	pre-risk-v1							no_canonical_source_responsibility	delete_legacy_unique_unadvertised_graph	preserved_only_in_verified_source_rollback_bundle_until_fresh_clone_green
17d755aecc453d0716fe046b5527a0289bd048ad	32af23ef76a9bc3356e5046dc25c80d030ecc2b4	55fe13b09446b746ab05bbf15562f5250ff34c97	2026-06-11T11:31:46+09:00	docs(commits): remap hashes after history normalization	2ab8a416f390d962cfb44898b25c6f187d22f84d	pre-risk-v1							no_canonical_source_responsibility	delete_legacy_unique_unadvertised_graph	preserved_only_in_verified_source_rollback_bundle_until_fresh_clone_green
db45a5611a2ac4554a78adbed759500af30d85c7	17d755aecc453d0716fe046b5527a0289bd048ad	72552e0c65402fa2e7bbbb0572a6dee185ccfba2	2026-06-14T13:07:39+09:00	docs(readme): link system design and de-link cross-repo refs	13e24c2706a90c44cb49ca893ba2da25f6bc0146	pre-risk-v1							no_canonical_source_responsibility	delete_legacy_unique_unadvertised_graph	preserved_only_in_verified_source_rollback_bundle_until_fresh_clone_green
4173cdcb3389e7a197356a6494b4871014b2bd87	d1e4cad57c615b8769d5b3efa27d57f8d5aa4c6f	f14595d0b4de8eda4968f409b739d8d6ed1ae1d6	2026-04-13T09:46:58+09:00	docs(notes): consolidate risk study materials	6b651b0d73bf488a6ee989ac3dfbd5e273d998df	diagnostic-codex-5.6-red							no_canonical_source_responsibility	delete_legacy_unique_unadvertised_graph	preserved_only_in_verified_source_rollback_bundle_until_fresh_clone_green
9fdb450be02835f8961d3f0531df1fad2389b66a	4173cdcb3389e7a197356a6494b4871014b2bd87	8e827a6c11159b9c5a99f819f8b90dd00dee94b6	2026-06-11T09:02:21+09:00	docs(commits): consolidate risk answer keys	3f432688378761bcc18d5f65de88cd8604fc5de6	diagnostic-codex-5.6-red							no_canonical_source_responsibility	delete_legacy_unique_unadvertised_graph	preserved_only_in_verified_source_rollback_bundle_until_fresh_clone_green
26fa914c974b4295fd777605044c650ab5c9c070	9fdb450be02835f8961d3f0531df1fad2389b66a	3ece25d94df4b719231cd7672648a9e2f614de99	2026-06-11T09:05:47+09:00	docs(practice): consolidate risk exercises	23e2c988bc66f6d5f2da45c3272ce47bd70a4b5c	diagnostic-codex-5.6-red							no_canonical_source_responsibility	delete_legacy_unique_unadvertised_graph	preserved_only_in_verified_source_rollback_bundle_until_fresh_clone_green
a26bbf08162f8a25076683c3c373cc3b6b5d626f	26fa914c974b4295fd777605044c650ab5c9c070	c1d7a048aa22bc07dcc8cb5c8465487b1f41160b	2026-06-11T09:18:41+09:00	fix(event): align bet-placed topic with upstream publisher	3f798a960d753fac1355a58f7608bb08356cd045	diagnostic-codex-5.6-red	85eaca279c73e1ee7f1ebec9ab6c4656bc0deb54	102a48a25c3896a715c91a1b91b10c33d95ab254	c054d017aef30121d0e501863c32209390156067	2026-04-04T14:50:44+09:00	fix(event): align the placed-bet topic with the publisher	3f798a960d753fac1355a58f7608bb08356cd045	stable_patch_id	delete_legacy_duplicate_map_to_canonical_main	stable_patch_id_matches_main:3d0624ce31e01071262476918dbf98ad9fdad0ce
bf7de942dcf66a61eecd6478a00b79ecd642979f	a26bbf08162f8a25076683c3c373cc3b6b5d626f	4e887b1f3b0328d380d8b864e36255223a62f6bf	2026-06-11T09:34:17+09:00	docs(commits): document risk topic alignment	617058002848f51b26e6fe898da1a80c1dde25cf	diagnostic-codex-5.6-red							no_canonical_source_responsibility	delete_legacy_unique_unadvertised_graph	preserved_only_in_verified_source_rollback_bundle_until_fresh_clone_green
c96eb3d2e0d4beeb8ce1b75a85f20e2ff3e2a440	bf7de942dcf66a61eecd6478a00b79ecd642979f	55fe13b09446b746ab05bbf15562f5250ff34c97	2026-06-11T09:36:02+09:00	docs(practice): record risk phase-2 rationale	a5d052e45f3cac062582cc5b6b32f483be2ef41d	diagnostic-codex-5.6-red							no_canonical_source_responsibility	delete_legacy_unique_unadvertised_graph	preserved_only_in_verified_source_rollback_bundle_until_fresh_clone_green
0ee518f9c991fa09a66e3d38fb67e14eca470a53	c96eb3d2e0d4beeb8ce1b75a85f20e2ff3e2a440	72552e0c65402fa2e7bbbb0572a6dee185ccfba2	2026-06-14T13:07:39+09:00	docs(readme): link system design and de-link cross-repo refs	13e24c2706a90c44cb49ca893ba2da25f6bc0146	diagnostic-codex-5.6-red							no_canonical_source_responsibility	delete_legacy_unique_unadvertised_graph	preserved_only_in_verified_source_rollback_bundle_until_fresh_clone_green
4c9fec63b972bf275822953328fc0480bb339525	0ee518f9c991fa09a66e3d38fb67e14eca470a53	9c9dc119e3cfb8d00b2d587ab8a0eaa4dbc5e30d	2026-07-11T10:32:51+09:00	build(risk): align shared protocol version	f13dba6ea008b105899f1663cdab457b22d24b0f	diagnostic-codex-5.6-red							no_canonical_source_responsibility	delete_legacy_unique_unadvertised_graph	preserved_only_in_verified_source_rollback_bundle_until_fresh_clone_green
821b423f876a0e78eee930c72e6a878fafc35563	4c9fec63b972bf275822953328fc0480bb339525	c83f96b8694116288bfa4d2c1c735ec85db085a1	2026-07-11T11:15:24+09:00	test(load): add repeatable risk performance gate	a0f38e0ffe22b574d0161586d44334d6040a97b9	diagnostic-codex-5.6-red							no_canonical_source_responsibility	delete_legacy_unique_unadvertised_graph	preserved_only_in_verified_source_rollback_bundle_until_fresh_clone_green
eca275e3de27222ee774b61c55d07c955a11694d	821b423f876a0e78eee930c72e6a878fafc35563	f1e3197ea2f23f4caf1cf942c40214c741db8df7	2026-07-11T13:02:19+09:00	docs(load): record repeatable risk gate evidence	492a3f23e6e34e669421448834b89b66d985fe2d	diagnostic-codex-5.6-red							no_canonical_source_responsibility	delete_legacy_unique_unadvertised_graph	preserved_only_in_verified_source_rollback_bundle_until_fresh_clone_green
f6337e58aba35b1a7eb980e5b3c146c15e3203de		a1cef43a8cf57759af03afe5f9e532699c39ce8c	2026-04-02T10:32:15+09:00	chore(project): initialize the risk service	6e201c3fab93de9df5c0cae54b4f396d76e19fe6	main,diagnostic-atomic-snapshot-v1-red,pre-history-clean-risk-v1.0.2,risk-v1,risk-v1.0.1,risk-v1.0.2	005a7391b814e03196e7d50e442abf8831d9089a		1103ace7e8829c7084f76078f68414919150e133	2026-04-02T10:32:15+09:00	chore(project): initialize the risk service	ecf7105d53a7bc923b9f59148fc8e10c337c9ba8	direct_main_replay	metadata_replay_with_reachable_provenance_sanitization	valid_historical_timestamp_preserved;first_parent_responsibility_order_preserved
433d240b5be76501ec7bd776456cf48e32139aff	f6337e58aba35b1a7eb980e5b3c146c15e3203de	092c2036959e2f6b24aca960c15169090c599116	2026-04-02T11:01:50+09:00	feat(policy): bind risk policies from configuration	ef5d5da53f9be18ee9b18dee81de5cd81ba1239e	main,diagnostic-atomic-snapshot-v1-red,pre-history-clean-risk-v1.0.2,risk-v1,risk-v1.0.1,risk-v1.0.2	428250bc761023273fe58ade82a50dcff6562c0d	005a7391b814e03196e7d50e442abf8831d9089a	7db185960675f6d679ac0ad3525a205532a63aee	2026-04-02T11:01:50+09:00	feat(policy): bind risk policies from configuration	ef5d5da53f9be18ee9b18dee81de5cd81ba1239e	direct_main_replay	metadata_replay_with_reachable_provenance_sanitization	valid_historical_timestamp_preserved;first_parent_responsibility_order_preserved
51c5aeaf41272581b16485d16fc02b2d0c9acf44	433d240b5be76501ec7bd776456cf48e32139aff	fe1ecd03216fdee14c4cdd826f678b3d4b3a57d3	2026-04-03T11:56:09+09:00	chore(project): ignore local session artifacts	55c2e699dbee39bc552b2e1ce0ace2bac94eae27	main,diagnostic-atomic-snapshot-v1-red,pre-history-clean-risk-v1.0.2,risk-v1,risk-v1.0.1,risk-v1.0.2							direct_main_replay	exclude_source_provenance_only	local_tool_ignore_rule_removed_from_all_reachable_trees
377bbc8e5158d77e3b16a817254b9c2eb19ad9e0	51c5aeaf41272581b16485d16fc02b2d0c9acf44	05770dac10e4105234d2cc557cd049ea6dd1071f	2026-04-03T12:26:33+09:00	feat(counter): add atomic sliding-window counters	1d2ec2bd58254765a4c6ccd02a720335c1f604e7	main,diagnostic-atomic-snapshot-v1-red,pre-history-clean-risk-v1.0.2,risk-v1,risk-v1.0.1,risk-v1.0.2	0378a751ac27e64657e6ca292d2fd0f07fd95c45	428250bc761023273fe58ade82a50dcff6562c0d	e679a2704cebc8ad88fc222a0340914b463f0a9d	2026-04-03T12:26:33+09:00	feat(counter): add atomic sliding-window counters	1d2ec2bd58254765a4c6ccd02a720335c1f604e7	direct_main_replay	metadata_replay_with_reachable_provenance_sanitization	valid_historical_timestamp_preserved;first_parent_responsibility_order_preserved
ecd71f0e43fa132effea83852f1267917d6794e9	377bbc8e5158d77e3b16a817254b9c2eb19ad9e0	8130fd0629b160ffe173fb65f733b808069c8f67	2026-04-06T10:32:45+09:00	feat(limit): resolve scoped risk overrides	bcdf8468ffc023a8b2d3095f23eb58508e532f78	main,diagnostic-atomic-snapshot-v1-red,pre-history-clean-risk-v1.0.2,risk-v1,risk-v1.0.1,risk-v1.0.2	5e0450449bdcc2373ba5bebd6bde4d0aeb0e1ba7	0378a751ac27e64657e6ca292d2fd0f07fd95c45	f0ce3986ff7efff54abf425490144509a6fef48a	2026-04-04T09:10:18+09:00	feat(limit): resolve scoped risk overrides	bcdf8468ffc023a8b2d3095f23eb58508e532f78	direct_main_replay	metadata_timestamp_replay_with_reachable_provenance_sanitization	retimed_into_approved_window;first_parent_responsibility_order_preserved
140142456bdcb8422d15336d1149341b75257f99	ecd71f0e43fa132effea83852f1267917d6794e9	44e8974bba3bbc336b9ef27572e142405710c26b	2026-04-06T10:36:02+09:00	feat(pattern): evaluate suspicious betting patterns	fb81f45d0c13d7679eca29f22baad2ab596f9095	main,diagnostic-atomic-snapshot-v1-red,pre-history-clean-risk-v1.0.2,risk-v1,risk-v1.0.1,risk-v1.0.2	64e3da8d045851b953c68778474d30ef3ca63ba2	5e0450449bdcc2373ba5bebd6bde4d0aeb0e1ba7	41a75746b3e6fe8587196bded961224bfaa5f1fd	2026-04-04T09:45:27+09:00	feat(pattern): evaluate suspicious betting patterns	fb81f45d0c13d7679eca29f22baad2ab596f9095	direct_main_replay	metadata_timestamp_replay_with_reachable_provenance_sanitization	retimed_into_approved_window;first_parent_responsibility_order_preserved
10ae0c29fa5f9a696b7d86fa7c046de691f544a9	140142456bdcb8422d15336d1149341b75257f99	f0cbace45e9ab56dbb30681faac48803f92dcece	2026-04-07T12:50:09+09:00	feat(api): expose internal risk checks and limit controls	ee83b95d9daf0bf09100ad446e9f2fbd8f83ab72	main,diagnostic-atomic-snapshot-v1-red,pre-history-clean-risk-v1.0.2,risk-v1,risk-v1.0.1,risk-v1.0.2	2d4c56235201da3e5466a18ce8d8764246f33a2e	64e3da8d045851b953c68778474d30ef3ca63ba2	a58de474807f6da2fefdada51ddb9a5c4040c43d	2026-04-04T10:20:41+09:00	feat(api): expose internal risk checks and limit controls	ee83b95d9daf0bf09100ad446e9f2fbd8f83ab72	direct_main_replay	metadata_timestamp_replay_with_reachable_provenance_sanitization	retimed_into_approved_window;first_parent_responsibility_order_preserved
393edd219dae49e74f08fab8f88678fedbf4ed51	10ae0c29fa5f9a696b7d86fa7c046de691f544a9	749bada041a8cd6194e7bf5f65042c576b32cda3	2026-04-07T13:23:25+09:00	feat(events): consume placed bets and publish risk events	6ec60a46ea747bddc753bab2aff007286c31adc7	main,diagnostic-atomic-snapshot-v1-red,pre-history-clean-risk-v1.0.2,risk-v1,risk-v1.0.1,risk-v1.0.2	5012f3c523fa4d73270edbb0322d96cf1906b98b	2d4c56235201da3e5466a18ce8d8764246f33a2e	54051985157f86f78a2e5c7fbc072cf05cfc2de7	2026-04-04T11:05:22+09:00	feat(events): consume placed bets and publish risk events	6ec60a46ea747bddc753bab2aff007286c31adc7	direct_main_replay	metadata_timestamp_replay_with_reachable_provenance_sanitization	retimed_into_approved_window;first_parent_responsibility_order_preserved
6469726543e64c0b648e121b5ce4a9705a93af31	393edd219dae49e74f08fab8f88678fedbf4ed51	dac4c02bb4c5a002f325becaa3f71f3094a08008	2026-04-07T20:59:43+09:00	build(deps): enable Lettuce connection pooling	2a706e744a447baa23ca8ba05412a29ee1fcc854	main,diagnostic-atomic-snapshot-v1-red,pre-history-clean-risk-v1.0.2,risk-v1,risk-v1.0.1,risk-v1.0.2	c7d65c00c5418017a663a4c07bbc8efdb835c0d1	5012f3c523fa4d73270edbb0322d96cf1906b98b	30f5549a384bddbddc7beab39bdfd1756d4be26e	2026-04-04T11:50:36+09:00	build(deps): enable Lettuce connection pooling	84a62424732be89a98fed17fcc1bc2ec104d03ca	direct_main_replay	metadata_timestamp_replay_with_reachable_provenance_sanitization	retimed_into_approved_window;first_parent_responsibility_order_preserved
8d41543871a7791dbe9917d81a747c9d90839006	6469726543e64c0b648e121b5ce4a9705a93af31	59fce2fa3599b0e65225339c8ec1a262b1c22bcb	2026-04-08T14:59:23+09:00	test(load): establish risk performance baselines	e89644a5d55c6d72793e549f102cbc3a4b3d8cc8	main,diagnostic-atomic-snapshot-v1-red,pre-history-clean-risk-v1.0.2,risk-v1,risk-v1.0.1,risk-v1.0.2	aff43752e7934ea53a24c232c4119540a3dd0e92	c7d65c00c5418017a663a4c07bbc8efdb835c0d1	9b4a223d62bd50660de175e46b56779cacba6e4a	2026-04-04T12:35:14+09:00	test(load): establish risk performance baselines	62e5a6e2467f2edbb44d6609087083da6bc119b9	direct_main_replay	metadata_timestamp_replay_with_reachable_provenance_sanitization	retimed_into_approved_window;first_parent_responsibility_order_preserved
c939550053ca3cb6a8762d4dcfcb68e8bf0b9772	8d41543871a7791dbe9917d81a747c9d90839006	d41a161e3e92d40962d34de46686f035c54c2b71	2026-04-08T20:59:54+09:00	docs(readme): document measured risk performance	cada6537bb3bb19b6ca1541d51d664584f6c9f6f	main,diagnostic-atomic-snapshot-v1-red,pre-history-clean-risk-v1.0.2,risk-v1,risk-v1.0.1,risk-v1.0.2	b91c8f489acd76508ca15d4bde994b424b7f78ab	aff43752e7934ea53a24c232c4119540a3dd0e92	480c863e16a4a370df026dc9527c70e31b5e04b1	2026-04-04T13:20:53+09:00	docs(readme): document measured risk performance	1999b51b285e18a742616283cd66b72ff45d74e1	direct_main_replay	metadata_timestamp_replay_with_reachable_provenance_sanitization	retimed_into_approved_window;first_parent_responsibility_order_preserved
015cdfeef7ff4d04c254e77affb1c7f0d73c229b	c939550053ca3cb6a8762d4dcfcb68e8bf0b9772	d1112637534156cb49cd33dbc4bdc24e6328c840	2026-04-09T14:59:09+09:00	fix(config): separate Redis connection and command timeouts	3d1fb9858e808c62b04597866b93f2d550f5dc5d	main,diagnostic-atomic-snapshot-v1-red,pre-history-clean-risk-v1.0.2,risk-v1,risk-v1.0.1,risk-v1.0.2	102a48a25c3896a715c91a1b91b10c33d95ab254	b91c8f489acd76508ca15d4bde994b424b7f78ab	91e98aeafa8224bac3f4b6bacd735a3ce1da7e4d	2026-04-04T14:05:19+09:00	fix(config): separate Redis connection and command timeouts	3d1fb9858e808c62b04597866b93f2d550f5dc5d	direct_main_replay	metadata_timestamp_replay_with_reachable_provenance_sanitization	retimed_into_approved_window;first_parent_responsibility_order_preserved
3d0624ce31e01071262476918dbf98ad9fdad0ce	015cdfeef7ff4d04c254e77affb1c7f0d73c229b	871a7e3a2b31b1e06de169174786d1061555dd28	2026-06-11T09:18:41+09:00	fix(event): align the placed-bet topic with the publisher	3f798a960d753fac1355a58f7608bb08356cd045	main,diagnostic-atomic-snapshot-v1-red,pre-history-clean-risk-v1.0.2,risk-v1,risk-v1.0.1,risk-v1.0.2	85eaca279c73e1ee7f1ebec9ab6c4656bc0deb54	102a48a25c3896a715c91a1b91b10c33d95ab254	c054d017aef30121d0e501863c32209390156067	2026-04-04T14:50:44+09:00	fix(event): align the placed-bet topic with the publisher	3f798a960d753fac1355a58f7608bb08356cd045	direct_main_replay	metadata_timestamp_replay_with_reachable_provenance_sanitization	retimed_into_approved_window;first_parent_responsibility_order_preserved
04f261ec8fa5849aebc09ce28d07b56c40d003d4	3d0624ce31e01071262476918dbf98ad9fdad0ce	bd19823e061444b5ecec73ffed44e9edeeda1c69	2026-06-14T13:07:39+09:00	docs(readme): keep standalone risk service guidance	fce6a131810613b5b7cd2fb2cfc8253daefe227d	main,diagnostic-atomic-snapshot-v1-red,pre-history-clean-risk-v1.0.2,risk-v1,risk-v1.0.1,risk-v1.0.2	c8f44609561284ad38128211e1ae0ab8177664d9	85eaca279c73e1ee7f1ebec9ab6c4656bc0deb54	37a680d0f6c3d66bb4089a6b72f43560195701d9	2026-04-04T15:35:31+09:00	docs(readme): keep standalone risk service guidance	f326f3670d24f3ea7145d41bada3c262c3b5d369	direct_main_replay	metadata_timestamp_replay_with_reachable_provenance_sanitization	retimed_into_approved_window;first_parent_responsibility_order_preserved
4930eed14ac182ad5b33de14b38faf963de44cce	04f261ec8fa5849aebc09ce28d07b56c40d003d4	5f62594d0f90558031b6cf7a1a34cac451d4d922	2026-07-11T10:32:51+09:00	build(risk): align the shared protocol version	83355a85181d9ab9f28f173a2413ee9d6a3a1698	main,diagnostic-atomic-snapshot-v1-red,pre-history-clean-risk-v1.0.2,risk-v1,risk-v1.0.1,risk-v1.0.2	31ba75d51b48228d11f94979bd36f0d337297f34	c8f44609561284ad38128211e1ae0ab8177664d9	64e53e54a5f2372bd415ac11bc8699ac22dcb116	2026-04-04T16:20:17+09:00	build(risk): align the shared protocol version	83355a85181d9ab9f28f173a2413ee9d6a3a1698	direct_main_replay	metadata_timestamp_replay_with_reachable_provenance_sanitization	retimed_into_approved_window;first_parent_responsibility_order_preserved
bcc31092e8363f76e450b1d2fb8eee43ceda0005	4930eed14ac182ad5b33de14b38faf963de44cce	7598baed0439d4919cd92766e1a746558ea300a5	2026-07-13T13:07:11+09:00	fix(events): make placed-bet ingestion replay-safe	d2e4ce1afafe064b415043a051f536dc1c587cfb	main,diagnostic-atomic-snapshot-v1-red,pre-history-clean-risk-v1.0.2,risk-v1,risk-v1.0.1,risk-v1.0.2	4d195f724b3009faa50b158de9e5959b1760807f	31ba75d51b48228d11f94979bd36f0d337297f34	6018135491ad0840f74fb16ad052289e43a520a0	2026-04-04T17:05:48+09:00	fix(events): make placed-bet ingestion replay-safe	d2e4ce1afafe064b415043a051f536dc1c587cfb	direct_main_replay	metadata_timestamp_replay_with_reachable_provenance_sanitization	retimed_into_approved_window;first_parent_responsibility_order_preserved
d81e90980716efb49742cfa93a15396837da510a	bcc31092e8363f76e450b1d2fb8eee43ceda0005	463b097bfc0d1f8fab482cd4de3b8889868701e5	2026-07-13T13:19:23+09:00	test(load): enforce the repeatable risk release gate	3ac316c95f55c6b509e27c40e4577c022aa3a953	main,diagnostic-atomic-snapshot-v1-red,pre-history-clean-risk-v1.0.2,risk-v1,risk-v1.0.1,risk-v1.0.2	a528f09ad3438283410fcafb5841a73c2724af82	4d195f724b3009faa50b158de9e5959b1760807f	d6f45718ee7268097da9fa800fed8d228f5620df	2026-04-04T18:10:29+09:00	test(load): enforce the repeatable risk release gate	3ac316c95f55c6b509e27c40e4577c022aa3a953	direct_main_replay	metadata_timestamp_replay_with_reachable_provenance_sanitization	retimed_into_approved_window;first_parent_responsibility_order_preserved
e7e0d7516cca2fe80d8274c60c9d6b149f550537	d81e90980716efb49742cfa93a15396837da510a	c126c55045b56a583cb2623d8909c45f959137ee	2026-07-13T13:27:41+09:00	test(gate): bind risk evidence to a clean source tree	4256c96a8b9579208e8385ae01ecfe35a3eca066	main,diagnostic-atomic-snapshot-v1-red,pre-history-clean-risk-v1.0.2,risk-v1,risk-v1.0.1,risk-v1.0.2	d58642ef734ce1107bdf316ee1e33ededd122fe6	a528f09ad3438283410fcafb5841a73c2724af82	a48b531fc6f93a13df6f8df10bed42daed424e05	2026-04-05T09:10:25+09:00	test(gate): bind risk evidence to a clean source tree	4256c96a8b9579208e8385ae01ecfe35a3eca066	direct_main_replay	metadata_timestamp_replay_with_reachable_provenance_sanitization	retimed_into_approved_window;first_parent_responsibility_order_preserved
eb734b72007c9e302c520a3d3c32c5a337a54e78	e7e0d7516cca2fe80d8274c60c9d6b149f550537	bf2aee397af5fc9e4f6f2a668febd069b52c4959	2026-07-13T17:06:13+09:00	perf(counter): avoid empty-window Redis work	df9924e3cf1b7e1ce430c41c79b5154edb7debee	main,diagnostic-atomic-snapshot-v1-red,pre-history-clean-risk-v1.0.2,risk-v1,risk-v1.0.1,risk-v1.0.2	97143d5063e5788194ae87d37933216c0aef421b	d58642ef734ce1107bdf316ee1e33ededd122fe6	953912ad13959115cc9f347ad215f49ec9d1376e	2026-04-05T09:55:42+09:00	perf(counter): avoid empty-window Redis work	df9924e3cf1b7e1ce430c41c79b5154edb7debee	direct_main_replay	metadata_timestamp_replay_with_reachable_provenance_sanitization	retimed_into_approved_window;first_parent_responsibility_order_preserved
4f6ee67cf72b2ea437189656e3df241623aba330	eb734b72007c9e302c520a3d3c32c5a337a54e78	7b6da83d97555ec1b7e6a8602cbce50bde2e89a7	2026-07-13T17:06:40+09:00	docs(load): record the verified risk gate	8c74d8a447409d6be3397fe16dc298b52bf24f0a	main,diagnostic-atomic-snapshot-v1-red,pre-history-clean-risk-v1.0.2,risk-v1,risk-v1.0.1,risk-v1.0.2	0ba282e35aee87098b590928af720ba3e1b54e1c	97143d5063e5788194ae87d37933216c0aef421b	e349af8638f535a154904622e1b25aea002fee39	2026-04-05T10:40:16+09:00	docs(load): record the verified risk gate	b3b33c8145db454438a451bb5ce07ae7f94ec746	direct_main_replay	metadata_timestamp_replay_with_reachable_provenance_sanitization	retimed_into_approved_window;first_parent_responsibility_order_preserved
b9009b3bbfd193553a4d9f58c63ccc6799b1535c	4f6ee67cf72b2ea437189656e3df241623aba330	cd96fa455ac196dc5e011a620f3898b571ba44b7	2026-07-14T12:18:47+09:00	perf(counter): skip empty-window cleanup commands	0780a7a4305508b60a9dda1331447051832449d6	main,diagnostic-atomic-snapshot-v1-red,pre-history-clean-risk-v1.0.2,risk-v1,risk-v1.0.1,risk-v1.0.2	e9807e4712197e3a3d3487d85a9286f27f18b620	0ba282e35aee87098b590928af720ba3e1b54e1c	8123ad69e40f8de27823d600e43a0cedc5f9ad6a	2026-04-05T11:25:38+09:00	perf(counter): skip empty-window cleanup commands	0780a7a4305508b60a9dda1331447051832449d6	direct_main_replay	metadata_timestamp_replay_with_reachable_provenance_sanitization	retimed_into_approved_window;first_parent_responsibility_order_preserved
e9f29468f7c32c42466ef11bd57a9ec001c52d5e	b9009b3bbfd193553a4d9f58c63ccc6799b1535c	43c8a2e5f2828abc1573b4bdd231c3558cbd6df9	2026-07-14T12:47:16+09:00	docs(load): record the bounded fast-path result	de638c73640f5f9a762612f5e7abac9c75ce6790	main,diagnostic-atomic-snapshot-v1-red,pre-history-clean-risk-v1.0.2,risk-v1,risk-v1.0.1,risk-v1.0.2	351dffab0815851ffe289442feed209fa2fad47d	e9807e4712197e3a3d3487d85a9286f27f18b620	3bf0f188fe1f50ce8cccd22655f461b3919b3989	2026-04-05T12:10:21+09:00	docs(load): record the bounded fast-path result	799c460d336e0e74933d23f1c7c51caab03f4bf0	direct_main_replay	metadata_timestamp_replay_with_reachable_provenance_sanitization	retimed_into_approved_window;first_parent_responsibility_order_preserved
1ce8e32d4b48c22eeb5c1838a166c295cbdafb04	e9f29468f7c32c42466ef11bd57a9ec001c52d5e	e71e1ab45af8757930e151e177dffedf84a17755	2026-07-14T13:16:42+09:00	test(load): enforce Kafka metadata readiness	2782d0cad89c52536a5468ad99fcd7aa1ac4f152	main,diagnostic-atomic-snapshot-v1-red,pre-history-clean-risk-v1.0.2,risk-v1,risk-v1.0.1,risk-v1.0.2	11b3b178d10defa23aa361eebd12c090bde60413	351dffab0815851ffe289442feed209fa2fad47d	ac0582260df8caae4f261cc664563e7364028346	2026-04-05T12:55:47+09:00	test(load): enforce Kafka metadata readiness	9270fefe4713b1a95b85e2ac26d255225362a028	direct_main_replay	metadata_timestamp_replay_with_reachable_provenance_sanitization	retimed_into_approved_window;first_parent_responsibility_order_preserved
b847e7239664659d923e051288205914592f9322	1ce8e32d4b48c22eeb5c1838a166c295cbdafb04	79a9885ccc3faa9e5531430071062e3a0e4a3913	2026-07-14T13:48:29+09:00	docs(load): record the metadata-ready red gate	dc3a0fcc96e670b78c71ab6d1cc485e69c1c9fae	main,diagnostic-atomic-snapshot-v1-red,pre-history-clean-risk-v1.0.2,risk-v1,risk-v1.0.1,risk-v1.0.2	94c0fcd8665fae02954dbdec0863816e1b1306ba	11b3b178d10defa23aa361eebd12c090bde60413	e2e552b0fc51247343301ed6ec169dbf2ee33756	2026-04-05T13:40:13+09:00	docs(load): record the metadata-ready red gate	bd5de66207a6f3fdcaefb025ea523f45310f68bc	direct_main_replay	metadata_timestamp_replay_with_reachable_provenance_sanitization	retimed_into_approved_window;first_parent_responsibility_order_preserved
5f39928fac71854bf19f47cafec45ede8eb05f96	b847e7239664659d923e051288205914592f9322	5cce319feed46245025cb3654b4d45876370af75	2026-07-14T14:18:43+09:00	perf(read): snapshot Redis facts atomically	87771fc3aede20de5675b59c9c694d00a28a5cf7	main,diagnostic-atomic-snapshot-v1-red,pre-history-clean-risk-v1.0.2,risk-v1,risk-v1.0.1,risk-v1.0.2	7cac69d9e1578b34cffcbffd3e56ffc70cbf6233	94c0fcd8665fae02954dbdec0863816e1b1306ba	819fd0d6307decf29d318cbde014823e34ceb886	2026-04-05T14:25:39+09:00	perf(read): snapshot Redis facts atomically	87771fc3aede20de5675b59c9c694d00a28a5cf7	direct_main_replay	metadata_timestamp_replay_with_reachable_provenance_sanitization	retimed_into_approved_window;first_parent_responsibility_order_preserved
df66a871b19aa82eef6633fdb7a485196bb0694c	5f39928fac71854bf19f47cafec45ede8eb05f96	764c75bffb2b659f98cd895477c6e4500dbd672e	2026-07-14T14:47:19+09:00	test(load): bind the snapshot release gate	399d7d5d69d4cb429073d83c97d73eb5ee0c8e66	main,diagnostic-atomic-snapshot-v1-red,pre-history-clean-risk-v1.0.2,risk-v1,risk-v1.0.1,risk-v1.0.2	9134e0b3fad0a32e0a987eaf3ae7cb82f2945126	7cac69d9e1578b34cffcbffd3e56ffc70cbf6233	6e91edf2c5cd1307f78bb9bc4d1bbc0ef0f0d4fd	2026-04-05T15:10:24+09:00	test(load): bind the snapshot release gate	399d7d5d69d4cb429073d83c97d73eb5ee0c8e66	direct_main_replay	metadata_timestamp_replay_with_reachable_provenance_sanitization	retimed_into_approved_window;first_parent_responsibility_order_preserved
49c6ec9e023ad0c831de563869b0c22ae46ffeee	df66a871b19aa82eef6633fdb7a485196bb0694c	6c5ececc909b9baec47ee7c171e9d14304a32d81	2026-07-14T16:06:37+09:00	docs(load): record the atomic snapshot red gate	c6537c1e6946365ec1f3b76e1231bada9dbc37d7	main,diagnostic-atomic-snapshot-v1-red,pre-history-clean-risk-v1.0.2,risk-v1,risk-v1.0.1,risk-v1.0.2	c9eadb231add416f980cb37f85645e26cf3436a0	9134e0b3fad0a32e0a987eaf3ae7cb82f2945126	c926e69f735bfe2f0b7ef510264a1b6f4911e1d6	2026-04-05T15:55:46+09:00	docs(load): record the atomic snapshot red gate	effb9c40697c17c956cb556ca54135f756f7385f	direct_main_replay	metadata_timestamp_replay_with_reachable_provenance_sanitization	retimed_into_approved_window;first_parent_responsibility_order_preserved
c42f33fea9372fb182bc85fb61364dec58d5d9a8	49c6ec9e023ad0c831de563869b0c22ae46ffeee	501e086dd91c301c29a1f6d06695908fcce1025e	2026-07-14T15:08:05+09:00	perf(read): combine risk facts in one Redis round-trip	a19474117c8ae10104d77838fc6e490dc452f034	pre-history-clean-risk-v1.0.2,risk-v1,risk-v1.0.1	2e53118466dcf1a118a96879f820a20926c9e2a6	c9eadb231add416f980cb37f85645e26cf3436a0	aa5f1310f29454b64eed75453e5a4f4339311969	2026-04-05T16:40:12+09:00	perf(read): combine risk facts in one Redis round-trip	a19474117c8ae10104d77838fc6e490dc452f034	stable_patch_id	delete_legacy_duplicate_map_to_canonical_main	stable_patch_id_matches_main:fbab50ec1f7af965d6d8350b6cf91b20552c3a8c
eebe87c0b8c9c889c1d99ef13f68c84724706cc7	c42f33fea9372fb182bc85fb61364dec58d5d9a8	3d2c6de36daa0b024bc392d26a76be68a7be90c0	2026-07-14T15:08:24+09:00	test(load): bind the single-snapshot release gate	d41539aaa26ffe969e3c15deedfe72c0735f19c8	pre-history-clean-risk-v1.0.2,risk-v1,risk-v1.0.1	ef6661f99407a568b5c0c53e996c8ff8a18c4335	2e53118466dcf1a118a96879f820a20926c9e2a6	a4298cb43f42504a478784f28ade28dea501f45f	2026-04-05T17:25:37+09:00	test(load): bind the single-snapshot release gate	d41539aaa26ffe969e3c15deedfe72c0735f19c8	stable_patch_id	delete_legacy_duplicate_map_to_canonical_main	stable_patch_id_matches_main:740535e0c62968a4aece824673bec279da4bbe9f
76c822b69bc816bad333479dfee79dcf3d19212b	eebe87c0b8c9c889c1d99ef13f68c84724706cc7	f5aedf415f793bfed1ab057df5ba447c241c677b	2026-07-14T17:02:45+09:00	docs(load): record the single-snapshot qualification	3fbbcf8623403ddf0a726c84cd76ceb122c116eb	pre-history-clean-risk-v1.0.2,risk-v1,risk-v1.0.1	de3ddc4c54ec5f992ef893ae96e4a1673024e163	ef6661f99407a568b5c0c53e996c8ff8a18c4335	7760c735992ddbc92466ca73de8f20959b734e10	2026-04-05T18:10:28+09:00	docs(load): record the single-snapshot qualification	1b380931be75db2c3e501db567459bed5af810b3	stable_patch_id	delete_legacy_duplicate_map_to_canonical_main	stable_patch_id_matches_main:5c81d6f3ba2e095c92e4c75c1127b9fd3b5effe6
6f17d0c7d8361c2db2e26555a5854d01612305fb	76c822b69bc816bad333479dfee79dcf3d19212b	0287dfb7e5eab6771bce3fc4eed14b41c0920af8	2026-07-15T17:57:05+09:00	docs(release): correct learner navigation	00e724a7522e16fc778fd2a986eb2c05660976a6	pre-history-clean-risk-v1.0.2,risk-v1.0.1							no_canonical_source_responsibility	delete_legacy_unique_unadvertised_graph	preserved_only_in_verified_source_rollback_bundle_until_fresh_clone_green
fbab50ec1f7af965d6d8350b6cf91b20552c3a8c	49c6ec9e023ad0c831de563869b0c22ae46ffeee	501e086dd91c301c29a1f6d06695908fcce1025e	2026-07-16T09:08:44+09:00	perf(read): combine risk facts in one Redis round-trip	a19474117c8ae10104d77838fc6e490dc452f034	main,risk-v1.0.2	2e53118466dcf1a118a96879f820a20926c9e2a6	c9eadb231add416f980cb37f85645e26cf3436a0	aa5f1310f29454b64eed75453e5a4f4339311969	2026-04-05T16:40:12+09:00	perf(read): combine risk facts in one Redis round-trip	a19474117c8ae10104d77838fc6e490dc452f034	direct_main_replay	metadata_timestamp_replay_with_reachable_provenance_sanitization	retimed_into_approved_window;first_parent_responsibility_order_preserved
740535e0c62968a4aece824673bec279da4bbe9f	fbab50ec1f7af965d6d8350b6cf91b20552c3a8c	3d2c6de36daa0b024bc392d26a76be68a7be90c0	2026-07-16T09:08:45+09:00	test(load): bind the single-snapshot release gate	d41539aaa26ffe969e3c15deedfe72c0735f19c8	main,risk-v1.0.2	ef6661f99407a568b5c0c53e996c8ff8a18c4335	2e53118466dcf1a118a96879f820a20926c9e2a6	a4298cb43f42504a478784f28ade28dea501f45f	2026-04-05T17:25:37+09:00	test(load): bind the single-snapshot release gate	d41539aaa26ffe969e3c15deedfe72c0735f19c8	direct_main_replay	metadata_timestamp_replay_with_reachable_provenance_sanitization	retimed_into_approved_window;first_parent_responsibility_order_preserved
5c81d6f3ba2e095c92e4c75c1127b9fd3b5effe6	740535e0c62968a4aece824673bec279da4bbe9f	f5aedf415f793bfed1ab057df5ba447c241c677b	2026-07-16T09:08:46+09:00	docs(load): record the single-snapshot qualification	3fbbcf8623403ddf0a726c84cd76ceb122c116eb	main,risk-v1.0.2	de3ddc4c54ec5f992ef893ae96e4a1673024e163	ef6661f99407a568b5c0c53e996c8ff8a18c4335	7760c735992ddbc92466ca73de8f20959b734e10	2026-04-05T18:10:28+09:00	docs(load): record the single-snapshot qualification	1b380931be75db2c3e501db567459bed5af810b3	direct_main_replay	metadata_timestamp_replay_with_release_guide_reconciliation	source_release_status_and_Document_Box_backlink_integrated;provenance_removed
be7b9c43f435323b0c638d68fd9c649557fc1bc0	5c81d6f3ba2e095c92e4c75c1127b9fd3b5effe6	b7ab38ce1ca38a1538a5583fe73bfc46d02a8a4a	2026-07-16T09:08:47+09:00	docs(release): correct learner navigation	3152a58ce2e7865d78066fefa1e58416b9626f98	main,risk-v1.0.2							direct_main_replay	exclude_learner_navigation_integrate_source_status_and_backlink	versioned_learning_navigation_removed;release_status_and_Document_Box_backlink_integrated_into_prior_source_guide
