old_path	scope	relation	review_mode	final_basis_commit	final_basis_tree	disposition	reason	reviewer	reviewed_at_kst
.gitignore	source-shared	learning-oid-identical-all	oid-identical	de3ddc4c54ec5f992ef893ae96e4a1673024e163	7760c735992ddbc92466ca73de8f20959b734e10	frozen-source-retained	learning tips share one blob; frozen source independently owns the canonical path	risk-dedicated-writer	2026-07-21T07:24:17+09:00
.mvn/wrapper/maven-wrapper.properties	source-shared	learning-oid-identical-all	oid-identical	de3ddc4c54ec5f992ef893ae96e4a1673024e163	7760c735992ddbc92466ca73de8f20959b734e10	frozen-source-retained	learning tips share one blob; frozen source independently owns the canonical path	risk-dedicated-writer	2026-07-21T07:24:17+09:00
README.md	source-shared	divergent	direct-content	de3ddc4c54ec5f992ef893ae96e4a1673024e163	7760c735992ddbc92466ca73de8f20959b734e10	frozen-source-retained	divergent learner copy rejected; sanitized frozen source owns this path	risk-dedicated-writer	2026-07-21T07:24:17+09:00
config/checkstyle/checkstyle.xml	source-shared	learning-oid-identical-all	oid-identical	de3ddc4c54ec5f992ef893ae96e4a1673024e163	7760c735992ddbc92466ca73de8f20959b734e10	frozen-source-retained	learning tips share one blob; frozen source independently owns the canonical path	risk-dedicated-writer	2026-07-21T07:24:17+09:00
docs/README.md	learning-only	divergent	direct-content	de3ddc4c54ec5f992ef893ae96e4a1673024e163	7760c735992ddbc92466ca73de8f20959b734e10	replaced-by-current-entry	divergent learning entrypoints reconciled manually to risk-v1.0.2 and learning/current	risk-dedicated-writer	2026-07-21T07:24:17+09:00
docs/commits-risk-v1.0.1/030.md	learning-only	added-v1.0.1-carried-identically	oid-identical	de3ddc4c54ec5f992ef893ae96e4a1673024e163	7760c735992ddbc92466ca73de8f20959b734e10	not-published-reserved	old-only stable ID is reserved and absent from the current source graph	risk-dedicated-writer	2026-07-21T07:24:17+09:00
docs/commits-risk-v1.0.1/README.md	learning-only	added-v1.0.1-carried-identically	direct-content	de3ddc4c54ec5f992ef893ae96e4a1673024e163	7760c735992ddbc92466ca73de8f20959b734e10	consolidated-into-current-index	versioned mappings were reconciled manually into one active current index	risk-dedicated-writer	2026-07-21T07:24:17+09:00
docs/commits-risk-v1.0.2/027.md	learning-only	added-v1.0.2	direct-content	de3ddc4c54ec5f992ef893ae96e4a1673024e163	7760c735992ddbc92466ca73de8f20959b734e10	normalized-into-current-answer	selected donor answer was checked against the frozen source and rewritten manually in the active path	risk-dedicated-writer	2026-07-21T07:24:17+09:00
docs/commits-risk-v1.0.2/028.md	learning-only	added-v1.0.2	direct-content	de3ddc4c54ec5f992ef893ae96e4a1673024e163	7760c735992ddbc92466ca73de8f20959b734e10	normalized-into-current-answer	selected donor answer was checked against the frozen source and rewritten manually in the active path	risk-dedicated-writer	2026-07-21T07:24:17+09:00
docs/commits-risk-v1.0.2/029.md	learning-only	added-v1.0.2	direct-content	de3ddc4c54ec5f992ef893ae96e4a1673024e163	7760c735992ddbc92466ca73de8f20959b734e10	normalized-into-current-answer	selected donor answer was checked against the frozen source and rewritten manually in the active path	risk-dedicated-writer	2026-07-21T07:24:17+09:00
docs/commits-risk-v1.0.2/030.md	learning-only	added-v1.0.2	oid-identical	de3ddc4c54ec5f992ef893ae96e4a1673024e163	7760c735992ddbc92466ca73de8f20959b734e10	not-published-reserved	old-only stable ID is reserved and absent from the current source graph	risk-dedicated-writer	2026-07-21T07:24:17+09:00
docs/commits-risk-v1.0.2/README.md	learning-only	added-v1.0.2	direct-content	de3ddc4c54ec5f992ef893ae96e4a1673024e163	7760c735992ddbc92466ca73de8f20959b734e10	consolidated-into-current-index	versioned mappings were reconciled manually into one active current index	risk-dedicated-writer	2026-07-21T07:24:17+09:00
docs/commits-risk-v1/000.md	learning-only	learning-oid-identical-all	direct-content	de3ddc4c54ec5f992ef893ae96e4a1673024e163	7760c735992ddbc92466ca73de8f20959b734e10	normalized-into-current-answer	selected donor answer was checked against the frozen source and rewritten manually in the active path	risk-dedicated-writer	2026-07-21T07:24:17+09:00
docs/commits-risk-v1/001.md	learning-only	learning-oid-identical-all	direct-content	de3ddc4c54ec5f992ef893ae96e4a1673024e163	7760c735992ddbc92466ca73de8f20959b734e10	normalized-into-current-answer	selected donor answer was checked against the frozen source and rewritten manually in the active path	risk-dedicated-writer	2026-07-21T07:24:17+09:00
docs/commits-risk-v1/002.md	learning-only	learning-oid-identical-all	oid-identical	de3ddc4c54ec5f992ef893ae96e4a1673024e163	7760c735992ddbc92466ca73de8f20959b734e10	not-published-reserved	old-only stable ID is reserved and absent from the current source graph	risk-dedicated-writer	2026-07-21T07:24:17+09:00
docs/commits-risk-v1/003.md	learning-only	learning-oid-identical-all	direct-content	de3ddc4c54ec5f992ef893ae96e4a1673024e163	7760c735992ddbc92466ca73de8f20959b734e10	normalized-into-current-answer	selected donor answer was checked against the frozen source and rewritten manually in the active path	risk-dedicated-writer	2026-07-21T07:24:17+09:00
docs/commits-risk-v1/004.md	learning-only	learning-oid-identical-all	direct-content	de3ddc4c54ec5f992ef893ae96e4a1673024e163	7760c735992ddbc92466ca73de8f20959b734e10	normalized-into-current-answer	selected donor answer was checked against the frozen source and rewritten manually in the active path	risk-dedicated-writer	2026-07-21T07:24:17+09:00
docs/commits-risk-v1/005.md	learning-only	learning-oid-identical-all	direct-content	de3ddc4c54ec5f992ef893ae96e4a1673024e163	7760c735992ddbc92466ca73de8f20959b734e10	normalized-into-current-answer	selected donor answer was checked against the frozen source and rewritten manually in the active path	risk-dedicated-writer	2026-07-21T07:24:17+09:00
docs/commits-risk-v1/006.md	learning-only	learning-oid-identical-all	direct-content	de3ddc4c54ec5f992ef893ae96e4a1673024e163	7760c735992ddbc92466ca73de8f20959b734e10	normalized-into-current-answer	selected donor answer was checked against the frozen source and rewritten manually in the active path	risk-dedicated-writer	2026-07-21T07:24:17+09:00
docs/commits-risk-v1/007.md	learning-only	learning-oid-identical-all	direct-content	de3ddc4c54ec5f992ef893ae96e4a1673024e163	7760c735992ddbc92466ca73de8f20959b734e10	normalized-into-current-answer	selected donor answer was checked against the frozen source and rewritten manually in the active path	risk-dedicated-writer	2026-07-21T07:24:17+09:00
docs/commits-risk-v1/008.md	learning-only	learning-oid-identical-all	direct-content	de3ddc4c54ec5f992ef893ae96e4a1673024e163	7760c735992ddbc92466ca73de8f20959b734e10	normalized-into-current-answer	selected donor answer was checked against the frozen source and rewritten manually in the active path	risk-dedicated-writer	2026-07-21T07:24:17+09:00
docs/commits-risk-v1/009.md	learning-only	learning-oid-identical-all	direct-content	de3ddc4c54ec5f992ef893ae96e4a1673024e163	7760c735992ddbc92466ca73de8f20959b734e10	normalized-into-current-answer	selected donor answer was checked against the frozen source and rewritten manually in the active path	risk-dedicated-writer	2026-07-21T07:24:17+09:00
docs/commits-risk-v1/010.md	learning-only	learning-oid-identical-all	direct-content	de3ddc4c54ec5f992ef893ae96e4a1673024e163	7760c735992ddbc92466ca73de8f20959b734e10	normalized-into-current-answer	selected donor answer was checked against the frozen source and rewritten manually in the active path	risk-dedicated-writer	2026-07-21T07:24:17+09:00
docs/commits-risk-v1/011.md	learning-only	learning-oid-identical-all	direct-content	de3ddc4c54ec5f992ef893ae96e4a1673024e163	7760c735992ddbc92466ca73de8f20959b734e10	normalized-into-current-answer	selected donor answer was checked against the frozen source and rewritten manually in the active path	risk-dedicated-writer	2026-07-21T07:24:17+09:00
docs/commits-risk-v1/012.md	learning-only	learning-oid-identical-all	direct-content	de3ddc4c54ec5f992ef893ae96e4a1673024e163	7760c735992ddbc92466ca73de8f20959b734e10	normalized-into-current-answer	selected donor answer was checked against the frozen source and rewritten manually in the active path	risk-dedicated-writer	2026-07-21T07:24:17+09:00
docs/commits-risk-v1/013.md	learning-only	learning-oid-identical-all	direct-content	de3ddc4c54ec5f992ef893ae96e4a1673024e163	7760c735992ddbc92466ca73de8f20959b734e10	normalized-into-current-answer	selected donor answer was checked against the frozen source and rewritten manually in the active path	risk-dedicated-writer	2026-07-21T07:24:17+09:00
docs/commits-risk-v1/014.md	learning-only	learning-oid-identical-all	direct-content	de3ddc4c54ec5f992ef893ae96e4a1673024e163	7760c735992ddbc92466ca73de8f20959b734e10	normalized-into-current-answer	selected donor answer was checked against the frozen source and rewritten manually in the active path	risk-dedicated-writer	2026-07-21T07:24:17+09:00
docs/commits-risk-v1/015.md	learning-only	learning-oid-identical-all	direct-content	de3ddc4c54ec5f992ef893ae96e4a1673024e163	7760c735992ddbc92466ca73de8f20959b734e10	normalized-into-current-answer	selected donor answer was checked against the frozen source and rewritten manually in the active path	risk-dedicated-writer	2026-07-21T07:24:17+09:00
docs/commits-risk-v1/016.md	learning-only	learning-oid-identical-all	direct-content	de3ddc4c54ec5f992ef893ae96e4a1673024e163	7760c735992ddbc92466ca73de8f20959b734e10	normalized-into-current-answer	selected donor answer was checked against the frozen source and rewritten manually in the active path	risk-dedicated-writer	2026-07-21T07:24:17+09:00
docs/commits-risk-v1/017.md	learning-only	learning-oid-identical-all	direct-content	de3ddc4c54ec5f992ef893ae96e4a1673024e163	7760c735992ddbc92466ca73de8f20959b734e10	normalized-into-current-answer	selected donor answer was checked against the frozen source and rewritten manually in the active path	risk-dedicated-writer	2026-07-21T07:24:17+09:00
docs/commits-risk-v1/018.md	learning-only	learning-oid-identical-all	direct-content	de3ddc4c54ec5f992ef893ae96e4a1673024e163	7760c735992ddbc92466ca73de8f20959b734e10	normalized-into-current-answer	selected donor answer was checked against the frozen source and rewritten manually in the active path	risk-dedicated-writer	2026-07-21T07:24:17+09:00
docs/commits-risk-v1/019.md	learning-only	learning-oid-identical-all	direct-content	de3ddc4c54ec5f992ef893ae96e4a1673024e163	7760c735992ddbc92466ca73de8f20959b734e10	normalized-into-current-answer	selected donor answer was checked against the frozen source and rewritten manually in the active path	risk-dedicated-writer	2026-07-21T07:24:17+09:00
docs/commits-risk-v1/020.md	learning-only	learning-oid-identical-all	direct-content	de3ddc4c54ec5f992ef893ae96e4a1673024e163	7760c735992ddbc92466ca73de8f20959b734e10	normalized-into-current-answer	selected donor answer was checked against the frozen source and rewritten manually in the active path	risk-dedicated-writer	2026-07-21T07:24:17+09:00
docs/commits-risk-v1/021.md	learning-only	learning-oid-identical-all	direct-content	de3ddc4c54ec5f992ef893ae96e4a1673024e163	7760c735992ddbc92466ca73de8f20959b734e10	normalized-into-current-answer	selected donor answer was checked against the frozen source and rewritten manually in the active path	risk-dedicated-writer	2026-07-21T07:24:17+09:00
docs/commits-risk-v1/022.md	learning-only	learning-oid-identical-all	direct-content	de3ddc4c54ec5f992ef893ae96e4a1673024e163	7760c735992ddbc92466ca73de8f20959b734e10	normalized-into-current-answer	selected donor answer was checked against the frozen source and rewritten manually in the active path	risk-dedicated-writer	2026-07-21T07:24:17+09:00
docs/commits-risk-v1/023.md	learning-only	learning-oid-identical-all	direct-content	de3ddc4c54ec5f992ef893ae96e4a1673024e163	7760c735992ddbc92466ca73de8f20959b734e10	normalized-into-current-answer	selected donor answer was checked against the frozen source and rewritten manually in the active path	risk-dedicated-writer	2026-07-21T07:24:17+09:00
docs/commits-risk-v1/024.md	learning-only	learning-oid-identical-all	direct-content	de3ddc4c54ec5f992ef893ae96e4a1673024e163	7760c735992ddbc92466ca73de8f20959b734e10	normalized-into-current-answer	selected donor answer was checked against the frozen source and rewritten manually in the active path	risk-dedicated-writer	2026-07-21T07:24:17+09:00
docs/commits-risk-v1/025.md	learning-only	learning-oid-identical-all	direct-content	de3ddc4c54ec5f992ef893ae96e4a1673024e163	7760c735992ddbc92466ca73de8f20959b734e10	normalized-into-current-answer	selected donor answer was checked against the frozen source and rewritten manually in the active path	risk-dedicated-writer	2026-07-21T07:24:17+09:00
docs/commits-risk-v1/026.md	learning-only	learning-oid-identical-all	direct-content	de3ddc4c54ec5f992ef893ae96e4a1673024e163	7760c735992ddbc92466ca73de8f20959b734e10	normalized-into-current-answer	selected donor answer was checked against the frozen source and rewritten manually in the active path	risk-dedicated-writer	2026-07-21T07:24:17+09:00
docs/commits-risk-v1/027.md	learning-only	learning-oid-identical-all	oid-identical	de3ddc4c54ec5f992ef893ae96e4a1673024e163	7760c735992ddbc92466ca73de8f20959b734e10	superseded-by-v1.0.2-answer	older answer basis was superseded by the source-compatible v1.0.2 donor	risk-dedicated-writer	2026-07-21T07:24:17+09:00
docs/commits-risk-v1/028.md	learning-only	learning-oid-identical-all	oid-identical	de3ddc4c54ec5f992ef893ae96e4a1673024e163	7760c735992ddbc92466ca73de8f20959b734e10	superseded-by-v1.0.2-answer	older answer basis was superseded by the source-compatible v1.0.2 donor	risk-dedicated-writer	2026-07-21T07:24:17+09:00
docs/commits-risk-v1/029.md	learning-only	learning-oid-identical-all	oid-identical	de3ddc4c54ec5f992ef893ae96e4a1673024e163	7760c735992ddbc92466ca73de8f20959b734e10	superseded-by-v1.0.2-answer	older answer basis was superseded by the source-compatible v1.0.2 donor	risk-dedicated-writer	2026-07-21T07:24:17+09:00
docs/commits-risk-v1/README.md	learning-only	learning-oid-identical-all	direct-content	de3ddc4c54ec5f992ef893ae96e4a1673024e163	7760c735992ddbc92466ca73de8f20959b734e10	consolidated-into-current-index	versioned mappings were reconciled manually into one active current index	risk-dedicated-writer	2026-07-21T07:24:17+09:00
docs/commits/000.md	learning-only	learning-oid-identical-all	direct-content	de3ddc4c54ec5f992ef893ae96e4a1673024e163	7760c735992ddbc92466ca73de8f20959b734e10	replaced-by-current-answer	incomplete active copy replaced manually from the selected corpus and frozen source diff	risk-dedicated-writer	2026-07-21T07:24:17+09:00
docs/commits/001.md	learning-only	learning-oid-identical-all	direct-content	de3ddc4c54ec5f992ef893ae96e4a1673024e163	7760c735992ddbc92466ca73de8f20959b734e10	replaced-by-current-answer	incomplete active copy replaced manually from the selected corpus and frozen source diff	risk-dedicated-writer	2026-07-21T07:24:17+09:00
docs/commits/002.md	learning-only	learning-oid-identical-all	oid-identical	de3ddc4c54ec5f992ef893ae96e4a1673024e163	7760c735992ddbc92466ca73de8f20959b734e10	not-published-reserved	old-only provenance commit is reserved and absent from the current source graph	risk-dedicated-writer	2026-07-21T07:24:17+09:00
docs/commits/003.md	learning-only	learning-oid-identical-all	direct-content	de3ddc4c54ec5f992ef893ae96e4a1673024e163	7760c735992ddbc92466ca73de8f20959b734e10	replaced-by-current-answer	incomplete active copy replaced manually from the selected corpus and frozen source diff	risk-dedicated-writer	2026-07-21T07:24:17+09:00
docs/commits/004.md	learning-only	learning-oid-identical-all	direct-content	de3ddc4c54ec5f992ef893ae96e4a1673024e163	7760c735992ddbc92466ca73de8f20959b734e10	replaced-by-current-answer	incomplete active copy replaced manually from the selected corpus and frozen source diff	risk-dedicated-writer	2026-07-21T07:24:17+09:00
docs/commits/005.md	learning-only	learning-oid-identical-all	direct-content	de3ddc4c54ec5f992ef893ae96e4a1673024e163	7760c735992ddbc92466ca73de8f20959b734e10	replaced-by-current-answer	incomplete active copy replaced manually from the selected corpus and frozen source diff	risk-dedicated-writer	2026-07-21T07:24:17+09:00
docs/commits/006.md	learning-only	learning-oid-identical-all	direct-content	de3ddc4c54ec5f992ef893ae96e4a1673024e163	7760c735992ddbc92466ca73de8f20959b734e10	replaced-by-current-answer	incomplete active copy replaced manually from the selected corpus and frozen source diff	risk-dedicated-writer	2026-07-21T07:24:17+09:00
docs/commits/007.md	learning-only	learning-oid-identical-all	direct-content	de3ddc4c54ec5f992ef893ae96e4a1673024e163	7760c735992ddbc92466ca73de8f20959b734e10	replaced-by-current-answer	incomplete active copy replaced manually from the selected corpus and frozen source diff	risk-dedicated-writer	2026-07-21T07:24:17+09:00
docs/commits/008.md	learning-only	learning-oid-identical-all	direct-content	de3ddc4c54ec5f992ef893ae96e4a1673024e163	7760c735992ddbc92466ca73de8f20959b734e10	replaced-by-current-answer	incomplete active copy replaced manually from the selected corpus and frozen source diff	risk-dedicated-writer	2026-07-21T07:24:17+09:00
docs/commits/009.md	learning-only	learning-oid-identical-all	direct-content	de3ddc4c54ec5f992ef893ae96e4a1673024e163	7760c735992ddbc92466ca73de8f20959b734e10	replaced-by-current-answer	incomplete active copy replaced manually from the selected corpus and frozen source diff	risk-dedicated-writer	2026-07-21T07:24:17+09:00
docs/commits/010.md	learning-only	learning-oid-identical-all	direct-content	de3ddc4c54ec5f992ef893ae96e4a1673024e163	7760c735992ddbc92466ca73de8f20959b734e10	replaced-by-current-answer	incomplete active copy replaced manually from the selected corpus and frozen source diff	risk-dedicated-writer	2026-07-21T07:24:17+09:00
docs/commits/011.md	learning-only	learning-oid-identical-all	direct-content	de3ddc4c54ec5f992ef893ae96e4a1673024e163	7760c735992ddbc92466ca73de8f20959b734e10	replaced-by-current-answer	incomplete active copy replaced manually from the selected corpus and frozen source diff	risk-dedicated-writer	2026-07-21T07:24:17+09:00
docs/commits/012.md	learning-only	learning-oid-identical-all	direct-content	de3ddc4c54ec5f992ef893ae96e4a1673024e163	7760c735992ddbc92466ca73de8f20959b734e10	replaced-by-current-answer	incomplete active copy replaced manually from the selected corpus and frozen source diff	risk-dedicated-writer	2026-07-21T07:24:17+09:00
docs/commits/README.md	learning-only	learning-oid-identical-all	direct-content	de3ddc4c54ec5f992ef893ae96e4a1673024e163	7760c735992ddbc92466ca73de8f20959b734e10	replaced-by-current-answer	incomplete active copy replaced manually from the selected corpus and frozen source diff	risk-dedicated-writer	2026-07-21T07:24:17+09:00
docs/practice-risk-v1.0.1/README.md	learning-only	added-v1.0.1-carried-identically	direct-content	de3ddc4c54ec5f992ef893ae96e4a1673024e163	7760c735992ddbc92466ca73de8f20959b734e10	consolidated-into-current-index	versioned mappings were reconciled manually into one active current index	risk-dedicated-writer	2026-07-21T07:24:17+09:00
docs/practice-risk-v1.0.2/027.md	learning-only	added-v1.0.2	direct-content	de3ddc4c54ec5f992ef893ae96e4a1673024e163	7760c735992ddbc92466ca73de8f20959b734e10	normalized-into-current-practice	selected donor exercise was derived again manually from the reviewed current answer	risk-dedicated-writer	2026-07-21T07:24:17+09:00
docs/practice-risk-v1.0.2/028.md	learning-only	added-v1.0.2	direct-content	de3ddc4c54ec5f992ef893ae96e4a1673024e163	7760c735992ddbc92466ca73de8f20959b734e10	normalized-into-current-practice	selected donor exercise was derived again manually from the reviewed current answer	risk-dedicated-writer	2026-07-21T07:24:17+09:00
docs/practice-risk-v1.0.2/README.md	learning-only	added-v1.0.2	direct-content	de3ddc4c54ec5f992ef893ae96e4a1673024e163	7760c735992ddbc92466ca73de8f20959b734e10	consolidated-into-current-index	versioned mappings were reconciled manually into one active current index	risk-dedicated-writer	2026-07-21T07:24:17+09:00
docs/practice-risk-v1/001.md	learning-only	learning-oid-identical-all	direct-content	de3ddc4c54ec5f992ef893ae96e4a1673024e163	7760c735992ddbc92466ca73de8f20959b734e10	normalized-into-current-practice	selected donor exercise was derived again manually from the reviewed current answer	risk-dedicated-writer	2026-07-21T07:24:17+09:00
docs/practice-risk-v1/003.md	learning-only	learning-oid-identical-all	direct-content	de3ddc4c54ec5f992ef893ae96e4a1673024e163	7760c735992ddbc92466ca73de8f20959b734e10	normalized-into-current-practice	selected donor exercise was derived again manually from the reviewed current answer	risk-dedicated-writer	2026-07-21T07:24:17+09:00
docs/practice-risk-v1/004.md	learning-only	learning-oid-identical-all	direct-content	de3ddc4c54ec5f992ef893ae96e4a1673024e163	7760c735992ddbc92466ca73de8f20959b734e10	normalized-into-current-practice	selected donor exercise was derived again manually from the reviewed current answer	risk-dedicated-writer	2026-07-21T07:24:17+09:00
docs/practice-risk-v1/005.md	learning-only	learning-oid-identical-all	direct-content	de3ddc4c54ec5f992ef893ae96e4a1673024e163	7760c735992ddbc92466ca73de8f20959b734e10	normalized-into-current-practice	selected donor exercise was derived again manually from the reviewed current answer	risk-dedicated-writer	2026-07-21T07:24:17+09:00
docs/practice-risk-v1/006.md	learning-only	learning-oid-identical-all	direct-content	de3ddc4c54ec5f992ef893ae96e4a1673024e163	7760c735992ddbc92466ca73de8f20959b734e10	normalized-into-current-practice	selected donor exercise was derived again manually from the reviewed current answer	risk-dedicated-writer	2026-07-21T07:24:17+09:00
docs/practice-risk-v1/007.md	learning-only	learning-oid-identical-all	direct-content	de3ddc4c54ec5f992ef893ae96e4a1673024e163	7760c735992ddbc92466ca73de8f20959b734e10	normalized-into-current-practice	selected donor exercise was derived again manually from the reviewed current answer	risk-dedicated-writer	2026-07-21T07:24:17+09:00
docs/practice-risk-v1/009.md	learning-only	learning-oid-identical-all	direct-content	de3ddc4c54ec5f992ef893ae96e4a1673024e163	7760c735992ddbc92466ca73de8f20959b734e10	normalized-into-current-practice	selected donor exercise was derived again manually from the reviewed current answer	risk-dedicated-writer	2026-07-21T07:24:17+09:00
docs/practice-risk-v1/015.md	learning-only	learning-oid-identical-all	direct-content	de3ddc4c54ec5f992ef893ae96e4a1673024e163	7760c735992ddbc92466ca73de8f20959b734e10	normalized-into-current-practice	selected donor exercise was derived again manually from the reviewed current answer	risk-dedicated-writer	2026-07-21T07:24:17+09:00
docs/practice-risk-v1/016.md	learning-only	learning-oid-identical-all	direct-content	de3ddc4c54ec5f992ef893ae96e4a1673024e163	7760c735992ddbc92466ca73de8f20959b734e10	normalized-into-current-practice	selected donor exercise was derived again manually from the reviewed current answer	risk-dedicated-writer	2026-07-21T07:24:17+09:00
docs/practice-risk-v1/017.md	learning-only	learning-oid-identical-all	direct-content	de3ddc4c54ec5f992ef893ae96e4a1673024e163	7760c735992ddbc92466ca73de8f20959b734e10	normalized-into-current-practice	selected donor exercise was derived again manually from the reviewed current answer	risk-dedicated-writer	2026-07-21T07:24:17+09:00
docs/practice-risk-v1/018.md	learning-only	learning-oid-identical-all	direct-content	de3ddc4c54ec5f992ef893ae96e4a1673024e163	7760c735992ddbc92466ca73de8f20959b734e10	normalized-into-current-practice	selected donor exercise was derived again manually from the reviewed current answer	risk-dedicated-writer	2026-07-21T07:24:17+09:00
docs/practice-risk-v1/020.md	learning-only	learning-oid-identical-all	direct-content	de3ddc4c54ec5f992ef893ae96e4a1673024e163	7760c735992ddbc92466ca73de8f20959b734e10	normalized-into-current-practice	selected donor exercise was derived again manually from the reviewed current answer	risk-dedicated-writer	2026-07-21T07:24:17+09:00
docs/practice-risk-v1/022.md	learning-only	learning-oid-identical-all	direct-content	de3ddc4c54ec5f992ef893ae96e4a1673024e163	7760c735992ddbc92466ca73de8f20959b734e10	normalized-into-current-practice	selected donor exercise was derived again manually from the reviewed current answer	risk-dedicated-writer	2026-07-21T07:24:17+09:00
docs/practice-risk-v1/024.md	learning-only	learning-oid-identical-all	direct-content	de3ddc4c54ec5f992ef893ae96e4a1673024e163	7760c735992ddbc92466ca73de8f20959b734e10	normalized-into-current-practice	selected donor exercise was derived again manually from the reviewed current answer	risk-dedicated-writer	2026-07-21T07:24:17+09:00
docs/practice-risk-v1/025.md	learning-only	learning-oid-identical-all	direct-content	de3ddc4c54ec5f992ef893ae96e4a1673024e163	7760c735992ddbc92466ca73de8f20959b734e10	normalized-into-current-practice	selected donor exercise was derived again manually from the reviewed current answer	risk-dedicated-writer	2026-07-21T07:24:17+09:00
docs/practice-risk-v1/027.md	learning-only	learning-oid-identical-all	oid-identical	de3ddc4c54ec5f992ef893ae96e4a1673024e163	7760c735992ddbc92466ca73de8f20959b734e10	superseded-by-v1.0.2-practice	older practice basis was superseded by the source-compatible v1.0.2 donor	risk-dedicated-writer	2026-07-21T07:24:17+09:00
docs/practice-risk-v1/028.md	learning-only	learning-oid-identical-all	oid-identical	de3ddc4c54ec5f992ef893ae96e4a1673024e163	7760c735992ddbc92466ca73de8f20959b734e10	superseded-by-v1.0.2-practice	older practice basis was superseded by the source-compatible v1.0.2 donor	risk-dedicated-writer	2026-07-21T07:24:17+09:00
docs/practice-risk-v1/README.md	learning-only	learning-oid-identical-all	direct-content	de3ddc4c54ec5f992ef893ae96e4a1673024e163	7760c735992ddbc92466ca73de8f20959b734e10	consolidated-into-current-index	versioned mappings were reconciled manually into one active current index	risk-dedicated-writer	2026-07-21T07:24:17+09:00
docs/practice/001.md	learning-only	learning-oid-identical-all	direct-content	de3ddc4c54ec5f992ef893ae96e4a1673024e163	7760c735992ddbc92466ca73de8f20959b734e10	replaced-by-current-practice	incomplete active copy replaced after the complete answer barrier and manual derivation	risk-dedicated-writer	2026-07-21T07:24:17+09:00
docs/practice/003.md	learning-only	learning-oid-identical-all	direct-content	de3ddc4c54ec5f992ef893ae96e4a1673024e163	7760c735992ddbc92466ca73de8f20959b734e10	replaced-by-current-practice	incomplete active copy replaced after the complete answer barrier and manual derivation	risk-dedicated-writer	2026-07-21T07:24:17+09:00
docs/practice/004.md	learning-only	learning-oid-identical-all	direct-content	de3ddc4c54ec5f992ef893ae96e4a1673024e163	7760c735992ddbc92466ca73de8f20959b734e10	replaced-by-current-practice	incomplete active copy replaced after the complete answer barrier and manual derivation	risk-dedicated-writer	2026-07-21T07:24:17+09:00
docs/practice/005.md	learning-only	learning-oid-identical-all	direct-content	de3ddc4c54ec5f992ef893ae96e4a1673024e163	7760c735992ddbc92466ca73de8f20959b734e10	replaced-by-current-practice	incomplete active copy replaced after the complete answer barrier and manual derivation	risk-dedicated-writer	2026-07-21T07:24:17+09:00
docs/practice/006.md	learning-only	learning-oid-identical-all	direct-content	de3ddc4c54ec5f992ef893ae96e4a1673024e163	7760c735992ddbc92466ca73de8f20959b734e10	replaced-by-current-practice	incomplete active copy replaced after the complete answer barrier and manual derivation	risk-dedicated-writer	2026-07-21T07:24:17+09:00
docs/practice/007.md	learning-only	learning-oid-identical-all	direct-content	de3ddc4c54ec5f992ef893ae96e4a1673024e163	7760c735992ddbc92466ca73de8f20959b734e10	replaced-by-current-practice	incomplete active copy replaced after the complete answer barrier and manual derivation	risk-dedicated-writer	2026-07-21T07:24:17+09:00
docs/practice/009.md	learning-only	learning-oid-identical-all	direct-content	de3ddc4c54ec5f992ef893ae96e4a1673024e163	7760c735992ddbc92466ca73de8f20959b734e10	replaced-by-current-practice	incomplete active copy replaced after the complete answer barrier and manual derivation	risk-dedicated-writer	2026-07-21T07:24:17+09:00
docs/practice/README.md	learning-only	learning-oid-identical-all	direct-content	de3ddc4c54ec5f992ef893ae96e4a1673024e163	7760c735992ddbc92466ca73de8f20959b734e10	replaced-by-current-practice	incomplete active copy replaced after the complete answer barrier and manual derivation	risk-dedicated-writer	2026-07-21T07:24:17+09:00
docs/reflection/change-cost.md	learning-only	learning-oid-identical-all	oid-identical	de3ddc4c54ec5f992ef893ae96e4a1673024e163	7760c735992ddbc92466ca73de8f20959b734e10	adopted-exact	identical reflection blob reused without rereading or body transformation	risk-dedicated-writer	2026-07-21T07:24:17+09:00
docs/reflection/retrospective.md	learning-only	learning-oid-identical-all	oid-identical	de3ddc4c54ec5f992ef893ae96e4a1673024e163	7760c735992ddbc92466ca73de8f20959b734e10	adopted-exact	identical reflection blob reused without rereading or body transformation	risk-dedicated-writer	2026-07-21T07:24:17+09:00
load-test/README.md	source-shared	learning-oid-identical-all	oid-identical	de3ddc4c54ec5f992ef893ae96e4a1673024e163	7760c735992ddbc92466ca73de8f20959b734e10	frozen-source-retained	learning tips share one blob; frozen source independently owns the canonical path	risk-dedicated-writer	2026-07-21T07:24:17+09:00
load-test/docker-compose.yml	source-shared	learning-oid-identical-all	oid-identical	de3ddc4c54ec5f992ef893ae96e4a1673024e163	7760c735992ddbc92466ca73de8f20959b734e10	frozen-source-retained	learning tips share one blob; frozen source independently owns the canonical path	risk-dedicated-writer	2026-07-21T07:24:17+09:00
load-test/results/.gitkeep	source-shared	learning-oid-identical-all	oid-identical	de3ddc4c54ec5f992ef893ae96e4a1673024e163	7760c735992ddbc92466ca73de8f20959b734e10	frozen-source-retained	learning tips share one blob; frozen source independently owns the canonical path	risk-dedicated-writer	2026-07-21T07:24:17+09:00
load-test/results/2026-05-29/check_latency.json	source-shared	learning-oid-identical-all	oid-identical	de3ddc4c54ec5f992ef893ae96e4a1673024e163	7760c735992ddbc92466ca73de8f20959b734e10	frozen-source-retained	learning tips share one blob; frozen source independently owns the canonical path	risk-dedicated-writer	2026-07-21T07:24:17+09:00
load-test/results/2026-05-29/consumer_throughput.txt	source-shared	learning-oid-identical-all	oid-identical	de3ddc4c54ec5f992ef893ae96e4a1673024e163	7760c735992ddbc92466ca73de8f20959b734e10	frozen-source-retained	learning tips share one blob; frozen source independently owns the canonical path	risk-dedicated-writer	2026-07-21T07:24:17+09:00
load-test/results/2026-07-13/risk-check-gate.tsv	source-shared	learning-oid-identical-all	oid-identical	de3ddc4c54ec5f992ef893ae96e4a1673024e163	7760c735992ddbc92466ca73de8f20959b734e10	frozen-source-retained	learning tips share one blob; frozen source independently owns the canonical path	risk-dedicated-writer	2026-07-21T07:24:17+09:00
load-test/results/2026-07-14/risk-check-gate-atomic-snapshot.tsv	source-shared	learning-oid-identical-all	oid-identical	de3ddc4c54ec5f992ef893ae96e4a1673024e163	7760c735992ddbc92466ca73de8f20959b734e10	frozen-source-retained	learning tips share one blob; frozen source independently owns the canonical path	risk-dedicated-writer	2026-07-21T07:24:17+09:00
load-test/results/2026-07-14/risk-check-gate-metadata-ready.tsv	source-shared	learning-oid-identical-all	oid-identical	de3ddc4c54ec5f992ef893ae96e4a1673024e163	7760c735992ddbc92466ca73de8f20959b734e10	frozen-source-retained	learning tips share one blob; frozen source independently owns the canonical path	risk-dedicated-writer	2026-07-21T07:24:17+09:00
load-test/results/2026-07-14/risk-check-gate.tsv	source-shared	learning-oid-identical-all	oid-identical	de3ddc4c54ec5f992ef893ae96e4a1673024e163	7760c735992ddbc92466ca73de8f20959b734e10	frozen-source-retained	learning tips share one blob; frozen source independently owns the canonical path	risk-dedicated-writer	2026-07-21T07:24:17+09:00
load-test/results/2026-07-14/risk-check-single-snapshot-qualification.tsv	source-shared	learning-oid-identical-all	oid-identical	de3ddc4c54ec5f992ef893ae96e4a1673024e163	7760c735992ddbc92466ca73de8f20959b734e10	frozen-source-retained	learning tips share one blob; frozen source independently owns the canonical path	risk-dedicated-writer	2026-07-21T07:24:17+09:00
load-test/results/BEST.md	source-shared	learning-oid-identical-all	oid-identical	de3ddc4c54ec5f992ef893ae96e4a1673024e163	7760c735992ddbc92466ca73de8f20959b734e10	frozen-source-retained	learning tips share one blob; frozen source independently owns the canonical path	risk-dedicated-writer	2026-07-21T07:24:17+09:00
load-test/run-gate.sh	source-shared	learning-oid-identical-all	oid-identical	de3ddc4c54ec5f992ef893ae96e4a1673024e163	7760c735992ddbc92466ca73de8f20959b734e10	frozen-source-retained	learning tips share one blob; frozen source independently owns the canonical path	risk-dedicated-writer	2026-07-21T07:24:17+09:00
load-test/scenarios/check_gate.js	source-shared	learning-oid-identical-all	oid-identical	de3ddc4c54ec5f992ef893ae96e4a1673024e163	7760c735992ddbc92466ca73de8f20959b734e10	frozen-source-retained	learning tips share one blob; frozen source independently owns the canonical path	risk-dedicated-writer	2026-07-21T07:24:17+09:00
load-test/scenarios/check_latency.js	source-shared	learning-oid-identical-all	oid-identical	de3ddc4c54ec5f992ef893ae96e4a1673024e163	7760c735992ddbc92466ca73de8f20959b734e10	frozen-source-retained	learning tips share one blob; frozen source independently owns the canonical path	risk-dedicated-writer	2026-07-21T07:24:17+09:00
load-test/scenarios/consumer_throughput.sh	source-shared	learning-oid-identical-all	oid-identical	de3ddc4c54ec5f992ef893ae96e4a1673024e163	7760c735992ddbc92466ca73de8f20959b734e10	frozen-source-retained	learning tips share one blob; frozen source independently owns the canonical path	risk-dedicated-writer	2026-07-21T07:24:17+09:00
mvnw	source-shared	learning-oid-identical-all	oid-identical	de3ddc4c54ec5f992ef893ae96e4a1673024e163	7760c735992ddbc92466ca73de8f20959b734e10	frozen-source-retained	learning tips share one blob; frozen source independently owns the canonical path	risk-dedicated-writer	2026-07-21T07:24:17+09:00
mvnw.cmd	source-shared	learning-oid-identical-all	oid-identical	de3ddc4c54ec5f992ef893ae96e4a1673024e163	7760c735992ddbc92466ca73de8f20959b734e10	frozen-source-retained	learning tips share one blob; frozen source independently owns the canonical path	risk-dedicated-writer	2026-07-21T07:24:17+09:00
pom.xml	source-shared	learning-oid-identical-all	oid-identical	de3ddc4c54ec5f992ef893ae96e4a1673024e163	7760c735992ddbc92466ca73de8f20959b734e10	frozen-source-retained	learning tips share one blob; frozen source independently owns the canonical path	risk-dedicated-writer	2026-07-21T07:24:17+09:00
src/main/java/com/sportsbook/risk/RiskServiceApplication.java	source-shared	learning-oid-identical-all	oid-identical	de3ddc4c54ec5f992ef893ae96e4a1673024e163	7760c735992ddbc92466ca73de8f20959b734e10	frozen-source-retained	learning tips share one blob; frozen source independently owns the canonical path	risk-dedicated-writer	2026-07-21T07:24:17+09:00
src/main/java/com/sportsbook/risk/api/LimitController.java	source-shared	learning-oid-identical-all	oid-identical	de3ddc4c54ec5f992ef893ae96e4a1673024e163	7760c735992ddbc92466ca73de8f20959b734e10	frozen-source-retained	learning tips share one blob; frozen source independently owns the canonical path	risk-dedicated-writer	2026-07-21T07:24:17+09:00
src/main/java/com/sportsbook/risk/api/LimitUpdateRequest.java	source-shared	learning-oid-identical-all	oid-identical	de3ddc4c54ec5f992ef893ae96e4a1673024e163	7760c735992ddbc92466ca73de8f20959b734e10	frozen-source-retained	learning tips share one blob; frozen source independently owns the canonical path	risk-dedicated-writer	2026-07-21T07:24:17+09:00
src/main/java/com/sportsbook/risk/api/RestExceptionHandler.java	source-shared	learning-oid-identical-all	oid-identical	de3ddc4c54ec5f992ef893ae96e4a1673024e163	7760c735992ddbc92466ca73de8f20959b734e10	frozen-source-retained	learning tips share one blob; frozen source independently owns the canonical path	risk-dedicated-writer	2026-07-21T07:24:17+09:00
src/main/java/com/sportsbook/risk/api/RiskCheckController.java	source-shared	learning-oid-identical-all	oid-identical	de3ddc4c54ec5f992ef893ae96e4a1673024e163	7760c735992ddbc92466ca73de8f20959b734e10	frozen-source-retained	learning tips share one blob; frozen source independently owns the canonical path	risk-dedicated-writer	2026-07-21T07:24:17+09:00
src/main/java/com/sportsbook/risk/api/RiskCheckRequest.java	source-shared	learning-oid-identical-all	oid-identical	de3ddc4c54ec5f992ef893ae96e4a1673024e163	7760c735992ddbc92466ca73de8f20959b734e10	frozen-source-retained	learning tips share one blob; frozen source independently owns the canonical path	risk-dedicated-writer	2026-07-21T07:24:17+09:00
src/main/java/com/sportsbook/risk/api/RiskCheckResponse.java	source-shared	learning-oid-identical-all	oid-identical	de3ddc4c54ec5f992ef893ae96e4a1673024e163	7760c735992ddbc92466ca73de8f20959b734e10	frozen-source-retained	learning tips share one blob; frozen source independently owns the canonical path	risk-dedicated-writer	2026-07-21T07:24:17+09:00
src/main/java/com/sportsbook/risk/api/UserLimitsResponse.java	source-shared	learning-oid-identical-all	oid-identical	de3ddc4c54ec5f992ef893ae96e4a1673024e163	7760c735992ddbc92466ca73de8f20959b734e10	frozen-source-retained	learning tips share one blob; frozen source independently owns the canonical path	risk-dedicated-writer	2026-07-21T07:24:17+09:00
src/main/java/com/sportsbook/risk/counter/LimitKeys.java	source-shared	learning-oid-identical-all	oid-identical	de3ddc4c54ec5f992ef893ae96e4a1673024e163	7760c735992ddbc92466ca73de8f20959b734e10	frozen-source-retained	learning tips share one blob; frozen source independently owns the canonical path	risk-dedicated-writer	2026-07-21T07:24:17+09:00
src/main/java/com/sportsbook/risk/counter/LimitType.java	source-shared	learning-oid-identical-all	oid-identical	de3ddc4c54ec5f992ef893ae96e4a1673024e163	7760c735992ddbc92466ca73de8f20959b734e10	frozen-source-retained	learning tips share one blob; frozen source independently owns the canonical path	risk-dedicated-writer	2026-07-21T07:24:17+09:00
src/main/java/com/sportsbook/risk/counter/SlidingWindowCounter.java	source-shared	learning-oid-identical-all	oid-identical	de3ddc4c54ec5f992ef893ae96e4a1673024e163	7760c735992ddbc92466ca73de8f20959b734e10	frozen-source-retained	learning tips share one blob; frozen source independently owns the canonical path	risk-dedicated-writer	2026-07-21T07:24:17+09:00
src/main/java/com/sportsbook/risk/event/AvroCodec.java	source-shared	learning-oid-identical-all	oid-identical	de3ddc4c54ec5f992ef893ae96e4a1673024e163	7760c735992ddbc92466ca73de8f20959b734e10	frozen-source-retained	learning tips share one blob; frozen source independently owns the canonical path	risk-dedicated-writer	2026-07-21T07:24:17+09:00
src/main/java/com/sportsbook/risk/event/BetPlacedConsumer.java	source-shared	learning-oid-identical-all	oid-identical	de3ddc4c54ec5f992ef893ae96e4a1673024e163	7760c735992ddbc92466ca73de8f20959b734e10	frozen-source-retained	learning tips share one blob; frozen source independently owns the canonical path	risk-dedicated-writer	2026-07-21T07:24:17+09:00
src/main/java/com/sportsbook/risk/event/EventTopics.java	source-shared	learning-oid-identical-all	oid-identical	de3ddc4c54ec5f992ef893ae96e4a1673024e163	7760c735992ddbc92466ca73de8f20959b734e10	frozen-source-retained	learning tips share one blob; frozen source independently owns the canonical path	risk-dedicated-writer	2026-07-21T07:24:17+09:00
src/main/java/com/sportsbook/risk/event/RiskEventPublisher.java	source-shared	learning-oid-identical-all	oid-identical	de3ddc4c54ec5f992ef893ae96e4a1673024e163	7760c735992ddbc92466ca73de8f20959b734e10	frozen-source-retained	learning tips share one blob; frozen source independently owns the canonical path	risk-dedicated-writer	2026-07-21T07:24:17+09:00
src/main/java/com/sportsbook/risk/limit/LimitOverrideStore.java	source-shared	learning-oid-identical-all	oid-identical	de3ddc4c54ec5f992ef893ae96e4a1673024e163	7760c735992ddbc92466ca73de8f20959b734e10	frozen-source-retained	learning tips share one blob; frozen source independently owns the canonical path	risk-dedicated-writer	2026-07-21T07:24:17+09:00
src/main/java/com/sportsbook/risk/limit/LimitResolver.java	source-shared	learning-oid-identical-all	oid-identical	de3ddc4c54ec5f992ef893ae96e4a1673024e163	7760c735992ddbc92466ca73de8f20959b734e10	frozen-source-retained	learning tips share one blob; frozen source independently owns the canonical path	risk-dedicated-writer	2026-07-21T07:24:17+09:00
src/main/java/com/sportsbook/risk/limit/RedisLimitOverrideStore.java	source-shared	learning-oid-identical-all	oid-identical	de3ddc4c54ec5f992ef893ae96e4a1673024e163	7760c735992ddbc92466ca73de8f20959b734e10	frozen-source-retained	learning tips share one blob; frozen source independently owns the canonical path	risk-dedicated-writer	2026-07-21T07:24:17+09:00
src/main/java/com/sportsbook/risk/pattern/PatternContext.java	source-shared	learning-oid-identical-all	oid-identical	de3ddc4c54ec5f992ef893ae96e4a1673024e163	7760c735992ddbc92466ca73de8f20959b734e10	frozen-source-retained	learning tips share one blob; frozen source independently owns the canonical path	risk-dedicated-writer	2026-07-21T07:24:17+09:00
src/main/java/com/sportsbook/risk/pattern/PatternMatch.java	source-shared	learning-oid-identical-all	oid-identical	de3ddc4c54ec5f992ef893ae96e4a1673024e163	7760c735992ddbc92466ca73de8f20959b734e10	frozen-source-retained	learning tips share one blob; frozen source independently owns the canonical path	risk-dedicated-writer	2026-07-21T07:24:17+09:00
src/main/java/com/sportsbook/risk/pattern/PatternRule.java	source-shared	learning-oid-identical-all	oid-identical	de3ddc4c54ec5f992ef893ae96e4a1673024e163	7760c735992ddbc92466ca73de8f20959b734e10	frozen-source-retained	learning tips share one blob; frozen source independently owns the canonical path	risk-dedicated-writer	2026-07-21T07:24:17+09:00
src/main/java/com/sportsbook/risk/pattern/RedisUserBetHistory.java	source-shared	learning-oid-identical-all	oid-identical	de3ddc4c54ec5f992ef893ae96e4a1673024e163	7760c735992ddbc92466ca73de8f20959b734e10	frozen-source-retained	learning tips share one blob; frozen source independently owns the canonical path	risk-dedicated-writer	2026-07-21T07:24:17+09:00
src/main/java/com/sportsbook/risk/pattern/RuleEngine.java	source-shared	learning-oid-identical-all	oid-identical	de3ddc4c54ec5f992ef893ae96e4a1673024e163	7760c735992ddbc92466ca73de8f20959b734e10	frozen-source-retained	learning tips share one blob; frozen source independently owns the canonical path	risk-dedicated-writer	2026-07-21T07:24:17+09:00
src/main/java/com/sportsbook/risk/pattern/SnapshotPatternRule.java	source-shared	learning-oid-identical-all	oid-identical	de3ddc4c54ec5f992ef893ae96e4a1673024e163	7760c735992ddbc92466ca73de8f20959b734e10	frozen-source-retained	learning tips share one blob; frozen source independently owns the canonical path	risk-dedicated-writer	2026-07-21T07:24:17+09:00
src/main/java/com/sportsbook/risk/pattern/UserBetHistory.java	source-shared	learning-oid-identical-all	oid-identical	de3ddc4c54ec5f992ef893ae96e4a1673024e163	7760c735992ddbc92466ca73de8f20959b734e10	frozen-source-retained	learning tips share one blob; frozen source independently owns the canonical path	risk-dedicated-writer	2026-07-21T07:24:17+09:00
src/main/java/com/sportsbook/risk/pattern/UserBetHistoryWriter.java	source-shared	learning-oid-identical-all	oid-identical	de3ddc4c54ec5f992ef893ae96e4a1673024e163	7760c735992ddbc92466ca73de8f20959b734e10	frozen-source-retained	learning tips share one blob; frozen source independently owns the canonical path	risk-dedicated-writer	2026-07-21T07:24:17+09:00
src/main/java/com/sportsbook/risk/pattern/rule/RapidBettingRule.java	source-shared	learning-oid-identical-all	oid-identical	de3ddc4c54ec5f992ef893ae96e4a1673024e163	7760c735992ddbc92466ca73de8f20959b734e10	frozen-source-retained	learning tips share one blob; frozen source independently owns the canonical path	risk-dedicated-writer	2026-07-21T07:24:17+09:00
src/main/java/com/sportsbook/risk/pattern/rule/RepeatedSameSelectionRule.java	source-shared	learning-oid-identical-all	oid-identical	de3ddc4c54ec5f992ef893ae96e4a1673024e163	7760c735992ddbc92466ca73de8f20959b734e10	frozen-source-retained	learning tips share one blob; frozen source independently owns the canonical path	risk-dedicated-writer	2026-07-21T07:24:17+09:00
src/main/java/com/sportsbook/risk/pattern/rule/SuddenStakeIncreaseRule.java	source-shared	learning-oid-identical-all	oid-identical	de3ddc4c54ec5f992ef893ae96e4a1673024e163	7760c735992ddbc92466ca73de8f20959b734e10	frozen-source-retained	learning tips share one blob; frozen source independently owns the canonical path	risk-dedicated-writer	2026-07-21T07:24:17+09:00
src/main/java/com/sportsbook/risk/policy/PatternAction.java	source-shared	learning-oid-identical-all	oid-identical	de3ddc4c54ec5f992ef893ae96e4a1673024e163	7760c735992ddbc92466ca73de8f20959b734e10	frozen-source-retained	learning tips share one blob; frozen source independently owns the canonical path	risk-dedicated-writer	2026-07-21T07:24:17+09:00
src/main/java/com/sportsbook/risk/policy/RiskLimitProperties.java	source-shared	learning-oid-identical-all	oid-identical	de3ddc4c54ec5f992ef893ae96e4a1673024e163	7760c735992ddbc92466ca73de8f20959b734e10	frozen-source-retained	learning tips share one blob; frozen source independently owns the canonical path	risk-dedicated-writer	2026-07-21T07:24:17+09:00
src/main/java/com/sportsbook/risk/policy/RiskPatternProperties.java	source-shared	learning-oid-identical-all	oid-identical	de3ddc4c54ec5f992ef893ae96e4a1673024e163	7760c735992ddbc92466ca73de8f20959b734e10	frozen-source-retained	learning tips share one blob; frozen source independently owns the canonical path	risk-dedicated-writer	2026-07-21T07:24:17+09:00
src/main/java/com/sportsbook/risk/service/LimitRejection.java	source-shared	learning-oid-identical-all	oid-identical	de3ddc4c54ec5f992ef893ae96e4a1673024e163	7760c735992ddbc92466ca73de8f20959b734e10	frozen-source-retained	learning tips share one blob; frozen source independently owns the canonical path	risk-dedicated-writer	2026-07-21T07:24:17+09:00
src/main/java/com/sportsbook/risk/service/RiskCheckCommand.java	source-shared	learning-oid-identical-all	oid-identical	de3ddc4c54ec5f992ef893ae96e4a1673024e163	7760c735992ddbc92466ca73de8f20959b734e10	frozen-source-retained	learning tips share one blob; frozen source independently owns the canonical path	risk-dedicated-writer	2026-07-21T07:24:17+09:00
src/main/java/com/sportsbook/risk/service/RiskCheckOutcome.java	source-shared	learning-oid-identical-all	oid-identical	de3ddc4c54ec5f992ef893ae96e4a1673024e163	7760c735992ddbc92466ca73de8f20959b734e10	frozen-source-retained	learning tips share one blob; frozen source independently owns the canonical path	risk-dedicated-writer	2026-07-21T07:24:17+09:00
src/main/java/com/sportsbook/risk/service/RiskCheckService.java	source-shared	learning-oid-identical-all	oid-identical	de3ddc4c54ec5f992ef893ae96e4a1673024e163	7760c735992ddbc92466ca73de8f20959b734e10	frozen-source-retained	learning tips share one blob; frozen source independently owns the canonical path	risk-dedicated-writer	2026-07-21T07:24:17+09:00
src/main/java/com/sportsbook/risk/snapshot/LimitSnapshot.java	source-shared	learning-oid-identical-all	oid-identical	de3ddc4c54ec5f992ef893ae96e4a1673024e163	7760c735992ddbc92466ca73de8f20959b734e10	frozen-source-retained	learning tips share one blob; frozen source independently owns the canonical path	risk-dedicated-writer	2026-07-21T07:24:17+09:00
src/main/java/com/sportsbook/risk/snapshot/PatternSnapshot.java	source-shared	learning-oid-identical-all	oid-identical	de3ddc4c54ec5f992ef893ae96e4a1673024e163	7760c735992ddbc92466ca73de8f20959b734e10	frozen-source-retained	learning tips share one blob; frozen source independently owns the canonical path	risk-dedicated-writer	2026-07-21T07:24:17+09:00
src/main/java/com/sportsbook/risk/snapshot/RedisRiskSnapshotReader.java	source-shared	learning-oid-identical-all	oid-identical	de3ddc4c54ec5f992ef893ae96e4a1673024e163	7760c735992ddbc92466ca73de8f20959b734e10	frozen-source-retained	learning tips share one blob; frozen source independently owns the canonical path	risk-dedicated-writer	2026-07-21T07:24:17+09:00
src/main/java/com/sportsbook/risk/snapshot/RiskSnapshot.java	source-shared	learning-oid-identical-all	oid-identical	de3ddc4c54ec5f992ef893ae96e4a1673024e163	7760c735992ddbc92466ca73de8f20959b734e10	frozen-source-retained	learning tips share one blob; frozen source independently owns the canonical path	risk-dedicated-writer	2026-07-21T07:24:17+09:00
src/main/java/com/sportsbook/risk/snapshot/RiskSnapshotReader.java	source-shared	learning-oid-identical-all	oid-identical	de3ddc4c54ec5f992ef893ae96e4a1673024e163	7760c735992ddbc92466ca73de8f20959b734e10	frozen-source-retained	learning tips share one blob; frozen source independently owns the canonical path	risk-dedicated-writer	2026-07-21T07:24:17+09:00
src/main/java/com/sportsbook/risk/snapshot/SnapshotSlot.java	source-shared	learning-oid-identical-all	oid-identical	de3ddc4c54ec5f992ef893ae96e4a1673024e163	7760c735992ddbc92466ca73de8f20959b734e10	frozen-source-retained	learning tips share one blob; frozen source independently owns the canonical path	risk-dedicated-writer	2026-07-21T07:24:17+09:00
src/main/resources/application.yml	source-shared	learning-oid-identical-all	oid-identical	de3ddc4c54ec5f992ef893ae96e4a1673024e163	7760c735992ddbc92466ca73de8f20959b734e10	frozen-source-retained	learning tips share one blob; frozen source independently owns the canonical path	risk-dedicated-writer	2026-07-21T07:24:17+09:00
src/main/resources/scripts/risk-limit-snapshot.lua	source-shared	learning-oid-identical-all	oid-identical	de3ddc4c54ec5f992ef893ae96e4a1673024e163	7760c735992ddbc92466ca73de8f20959b734e10	frozen-source-retained	learning tips share one blob; frozen source independently owns the canonical path	risk-dedicated-writer	2026-07-21T07:24:17+09:00
src/main/resources/scripts/risk-pattern-snapshot.lua	source-shared	learning-oid-identical-all	oid-identical	de3ddc4c54ec5f992ef893ae96e4a1673024e163	7760c735992ddbc92466ca73de8f20959b734e10	frozen-source-retained	learning tips share one blob; frozen source independently owns the canonical path	risk-dedicated-writer	2026-07-21T07:24:17+09:00
src/main/resources/scripts/risk-snapshot.lua	source-shared	learning-oid-identical-all	oid-identical	de3ddc4c54ec5f992ef893ae96e4a1673024e163	7760c735992ddbc92466ca73de8f20959b734e10	frozen-source-retained	learning tips share one blob; frozen source independently owns the canonical path	risk-dedicated-writer	2026-07-21T07:24:17+09:00
src/main/resources/scripts/sliding-window.lua	source-shared	learning-oid-identical-all	oid-identical	de3ddc4c54ec5f992ef893ae96e4a1673024e163	7760c735992ddbc92466ca73de8f20959b734e10	frozen-source-retained	learning tips share one blob; frozen source independently owns the canonical path	risk-dedicated-writer	2026-07-21T07:24:17+09:00
src/test/java/com/sportsbook/risk/.gitkeep	source-shared	learning-oid-identical-all	oid-identical	de3ddc4c54ec5f992ef893ae96e4a1673024e163	7760c735992ddbc92466ca73de8f20959b734e10	frozen-source-retained	learning tips share one blob; frozen source independently owns the canonical path	risk-dedicated-writer	2026-07-21T07:24:17+09:00
src/test/java/com/sportsbook/risk/api/LimitControllerTest.java	source-shared	learning-oid-identical-all	oid-identical	de3ddc4c54ec5f992ef893ae96e4a1673024e163	7760c735992ddbc92466ca73de8f20959b734e10	frozen-source-retained	learning tips share one blob; frozen source independently owns the canonical path	risk-dedicated-writer	2026-07-21T07:24:17+09:00
src/test/java/com/sportsbook/risk/api/RiskCheckControllerTest.java	source-shared	learning-oid-identical-all	oid-identical	de3ddc4c54ec5f992ef893ae96e4a1673024e163	7760c735992ddbc92466ca73de8f20959b734e10	frozen-source-retained	learning tips share one blob; frozen source independently owns the canonical path	risk-dedicated-writer	2026-07-21T07:24:17+09:00
src/test/java/com/sportsbook/risk/counter/SlidingWindowCounterTest.java	source-shared	learning-oid-identical-all	oid-identical	de3ddc4c54ec5f992ef893ae96e4a1673024e163	7760c735992ddbc92466ca73de8f20959b734e10	frozen-source-retained	learning tips share one blob; frozen source independently owns the canonical path	risk-dedicated-writer	2026-07-21T07:24:17+09:00
src/test/java/com/sportsbook/risk/event/AvroCodecTest.java	source-shared	learning-oid-identical-all	oid-identical	de3ddc4c54ec5f992ef893ae96e4a1673024e163	7760c735992ddbc92466ca73de8f20959b734e10	frozen-source-retained	learning tips share one blob; frozen source independently owns the canonical path	risk-dedicated-writer	2026-07-21T07:24:17+09:00
src/test/java/com/sportsbook/risk/event/BetPlacedConsumerIntegrationTest.java	source-shared	learning-oid-identical-all	oid-identical	de3ddc4c54ec5f992ef893ae96e4a1673024e163	7760c735992ddbc92466ca73de8f20959b734e10	frozen-source-retained	learning tips share one blob; frozen source independently owns the canonical path	risk-dedicated-writer	2026-07-21T07:24:17+09:00
src/test/java/com/sportsbook/risk/event/BetPlacedConsumerTest.java	source-shared	learning-oid-identical-all	oid-identical	de3ddc4c54ec5f992ef893ae96e4a1673024e163	7760c735992ddbc92466ca73de8f20959b734e10	frozen-source-retained	learning tips share one blob; frozen source independently owns the canonical path	risk-dedicated-writer	2026-07-21T07:24:17+09:00
src/test/java/com/sportsbook/risk/event/RiskEventPublisherTest.java	source-shared	learning-oid-identical-all	oid-identical	de3ddc4c54ec5f992ef893ae96e4a1673024e163	7760c735992ddbc92466ca73de8f20959b734e10	frozen-source-retained	learning tips share one blob; frozen source independently owns the canonical path	risk-dedicated-writer	2026-07-21T07:24:17+09:00
src/test/java/com/sportsbook/risk/limit/LimitResolverTest.java	source-shared	learning-oid-identical-all	oid-identical	de3ddc4c54ec5f992ef893ae96e4a1673024e163	7760c735992ddbc92466ca73de8f20959b734e10	frozen-source-retained	learning tips share one blob; frozen source independently owns the canonical path	risk-dedicated-writer	2026-07-21T07:24:17+09:00
src/test/java/com/sportsbook/risk/limit/RedisLimitOverrideStoreTest.java	source-shared	learning-oid-identical-all	oid-identical	de3ddc4c54ec5f992ef893ae96e4a1673024e163	7760c735992ddbc92466ca73de8f20959b734e10	frozen-source-retained	learning tips share one blob; frozen source independently owns the canonical path	risk-dedicated-writer	2026-07-21T07:24:17+09:00
src/test/java/com/sportsbook/risk/pattern/RedisUserBetHistoryTest.java	source-shared	learning-oid-identical-all	oid-identical	de3ddc4c54ec5f992ef893ae96e4a1673024e163	7760c735992ddbc92466ca73de8f20959b734e10	frozen-source-retained	learning tips share one blob; frozen source independently owns the canonical path	risk-dedicated-writer	2026-07-21T07:24:17+09:00
src/test/java/com/sportsbook/risk/pattern/RuleEngineTest.java	source-shared	learning-oid-identical-all	oid-identical	de3ddc4c54ec5f992ef893ae96e4a1673024e163	7760c735992ddbc92466ca73de8f20959b734e10	frozen-source-retained	learning tips share one blob; frozen source independently owns the canonical path	risk-dedicated-writer	2026-07-21T07:24:17+09:00
src/test/java/com/sportsbook/risk/pattern/rule/RapidBettingRuleTest.java	source-shared	learning-oid-identical-all	oid-identical	de3ddc4c54ec5f992ef893ae96e4a1673024e163	7760c735992ddbc92466ca73de8f20959b734e10	frozen-source-retained	learning tips share one blob; frozen source independently owns the canonical path	risk-dedicated-writer	2026-07-21T07:24:17+09:00
src/test/java/com/sportsbook/risk/pattern/rule/RepeatedSameSelectionRuleTest.java	source-shared	learning-oid-identical-all	oid-identical	de3ddc4c54ec5f992ef893ae96e4a1673024e163	7760c735992ddbc92466ca73de8f20959b734e10	frozen-source-retained	learning tips share one blob; frozen source independently owns the canonical path	risk-dedicated-writer	2026-07-21T07:24:17+09:00
src/test/java/com/sportsbook/risk/pattern/rule/SnapshotRuleParityTest.java	source-shared	learning-oid-identical-all	oid-identical	de3ddc4c54ec5f992ef893ae96e4a1673024e163	7760c735992ddbc92466ca73de8f20959b734e10	frozen-source-retained	learning tips share one blob; frozen source independently owns the canonical path	risk-dedicated-writer	2026-07-21T07:24:17+09:00
src/test/java/com/sportsbook/risk/pattern/rule/SuddenStakeIncreaseRuleTest.java	source-shared	learning-oid-identical-all	oid-identical	de3ddc4c54ec5f992ef893ae96e4a1673024e163	7760c735992ddbc92466ca73de8f20959b734e10	frozen-source-retained	learning tips share one blob; frozen source independently owns the canonical path	risk-dedicated-writer	2026-07-21T07:24:17+09:00
src/test/java/com/sportsbook/risk/policy/RiskLimitPropertiesTest.java	source-shared	learning-oid-identical-all	oid-identical	de3ddc4c54ec5f992ef893ae96e4a1673024e163	7760c735992ddbc92466ca73de8f20959b734e10	frozen-source-retained	learning tips share one blob; frozen source independently owns the canonical path	risk-dedicated-writer	2026-07-21T07:24:17+09:00
src/test/java/com/sportsbook/risk/policy/RiskPatternPropertiesTest.java	source-shared	learning-oid-identical-all	oid-identical	de3ddc4c54ec5f992ef893ae96e4a1673024e163	7760c735992ddbc92466ca73de8f20959b734e10	frozen-source-retained	learning tips share one blob; frozen source independently owns the canonical path	risk-dedicated-writer	2026-07-21T07:24:17+09:00
src/test/java/com/sportsbook/risk/service/RiskCheckServiceTest.java	source-shared	learning-oid-identical-all	oid-identical	de3ddc4c54ec5f992ef893ae96e4a1673024e163	7760c735992ddbc92466ca73de8f20959b734e10	frozen-source-retained	learning tips share one blob; frozen source independently owns the canonical path	risk-dedicated-writer	2026-07-21T07:24:17+09:00
src/test/java/com/sportsbook/risk/snapshot/RedisRiskSnapshotReaderTest.java	source-shared	learning-oid-identical-all	oid-identical	de3ddc4c54ec5f992ef893ae96e4a1673024e163	7760c735992ddbc92466ca73de8f20959b734e10	frozen-source-retained	learning tips share one blob; frozen source independently owns the canonical path	risk-dedicated-writer	2026-07-21T07:24:17+09:00
