source_path	odds_v1_oid	odds_v1_0_1_oid	relation	selected_donor	final_path	action	review_class	reason
.gitignore	b03f4da7e1779b8b8af8dff2667ce2551219fac2	b03f4da7e1779b8b8af8dff2667ce2551219fac2	identical	frozen-source	.gitignore	inherit-frozen-source	oid-identical-no-reread	source-basis-path-is-not-copied-from-a-learning-branch
.mvn/wrapper/maven-wrapper.properties	c0bcafe984fe33005eacbcfabe8b188e0f75afcd	c0bcafe984fe33005eacbcfabe8b188e0f75afcd	identical	frozen-source	.mvn/wrapper/maven-wrapper.properties	inherit-frozen-source	oid-identical-no-reread	source-basis-path-is-not-copied-from-a-learning-branch
README.md	30d2deb77418d88f701d8e94841192475d6e8f2b	3057f342c1a62c67a72b57153f5d21f90c60285e	conflict	frozen-source	README.md	inherit-frozen-source	conflicting-blob-direct-review	learning-branch-root-variation-is-not-republished
config/checkstyle/checkstyle.xml	7bd89718533434dd343bd0825d95f79f297b7829	7bd89718533434dd343bd0825d95f79f297b7829	identical	frozen-source	config/checkstyle/checkstyle.xml	inherit-frozen-source	oid-identical-no-reread	source-basis-path-is-not-copied-from-a-learning-branch
docs/README.md	dca78cd10c605b7449e40d44e135eff517495b85	970d004ade54b1c3064154496ec17814b2c2bf76	conflict	manual-synthesis-from-two-conflicting-indexes	docs/README.md	rewrite-for-release-and-learning-current	conflicting-blob-direct-review	both-existing-indexes-point-retired-layouts
docs/commits-odds-v1.0.1/018.md	-	3c4623c7d9b8fff88f190601173e4848e569fd81	odds-v1.0.1-only	learning/odds-v1.0.1	-	discard	branch-unique-direct-review	discard-navigation-only-source-commit-018
docs/commits-odds-v1.0.1/README.md	-	6cea4b568431e6b534227445dd4998c9e5ef1b1b	odds-v1.0.1-only	learning/odds-v1.0.1	-	discard	branch-unique-direct-review	discard-navigation-only-source-commit-018
docs/commits-source-split-v1/000.md	aa6d9053e4894b4c5ed4c48b80930dc4d105e6f1	aa6d9053e4894b4c5ed4c48b80930dc4d105e6f1	identical	learning/odds-v1	docs/commits/000.md	rename-then-rebase-source-metadata	oid-identical-no-reread	complete-18-answer-corpus
docs/commits-source-split-v1/001.md	366da69f8be4587b06e6ae48a4a837cec1852447	366da69f8be4587b06e6ae48a4a837cec1852447	identical	learning/odds-v1	docs/commits/001.md	rename-then-rebase-source-metadata	oid-identical-no-reread	complete-18-answer-corpus
docs/commits-source-split-v1/002.md	d74cb8abe81c7ac6f74ae60dfec08e40ad527b9d	d74cb8abe81c7ac6f74ae60dfec08e40ad527b9d	identical	learning/odds-v1	docs/commits/002.md	rename-then-rebase-source-metadata	oid-identical-no-reread	complete-18-answer-corpus
docs/commits-source-split-v1/003.md	3cde16a20091dce787babe1f7834f36797464404	3cde16a20091dce787babe1f7834f36797464404	identical	learning/odds-v1	docs/commits/003.md	rename-then-rebase-source-metadata	oid-identical-no-reread	complete-18-answer-corpus
docs/commits-source-split-v1/004.md	fb779e11251b0ad262690b88a297c9a435798fe4	fb779e11251b0ad262690b88a297c9a435798fe4	identical	learning/odds-v1	docs/commits/004.md	rename-then-rebase-source-metadata	oid-identical-no-reread	complete-18-answer-corpus
docs/commits-source-split-v1/005.md	4f638b0f8a0a05394e61e1b2767b7dd21fd9b177	4f638b0f8a0a05394e61e1b2767b7dd21fd9b177	identical	learning/odds-v1	docs/commits/005.md	rename-then-rebase-source-metadata	oid-identical-no-reread	complete-18-answer-corpus
docs/commits-source-split-v1/006.md	e2ae3b138e9fc95d860744804446290f1f6a94bf	e2ae3b138e9fc95d860744804446290f1f6a94bf	identical	learning/odds-v1	docs/commits/006.md	rename-then-rebase-source-metadata	oid-identical-no-reread	complete-18-answer-corpus
docs/commits-source-split-v1/007.md	7904750400f4628c87888664cef56af2c6c42cc4	7904750400f4628c87888664cef56af2c6c42cc4	identical	learning/odds-v1	docs/commits/007.md	rename-then-rebase-source-metadata	oid-identical-no-reread	complete-18-answer-corpus
docs/commits-source-split-v1/008.md	9c01539b7802f843ff433e56199a7ceb214cebe9	9c01539b7802f843ff433e56199a7ceb214cebe9	identical	learning/odds-v1	docs/commits/008.md	rename-then-rebase-source-metadata	oid-identical-no-reread	complete-18-answer-corpus
docs/commits-source-split-v1/009.md	3c74dfe8ff90509e2798e475ac72e6727ca8a976	3c74dfe8ff90509e2798e475ac72e6727ca8a976	identical	learning/odds-v1	docs/commits/009.md	rename-then-rebase-source-metadata	oid-identical-no-reread	complete-18-answer-corpus
docs/commits-source-split-v1/010.md	34e64a8ea119d16257479c1cf16e89a56231a173	34e64a8ea119d16257479c1cf16e89a56231a173	identical	learning/odds-v1	docs/commits/010.md	rename-then-rebase-source-metadata	oid-identical-no-reread	complete-18-answer-corpus
docs/commits-source-split-v1/011.md	6f8ffe2acb98fb949166d8f04078235ff8a621d0	6f8ffe2acb98fb949166d8f04078235ff8a621d0	identical	learning/odds-v1	docs/commits/011.md	rename-then-rebase-source-metadata	oid-identical-no-reread	complete-18-answer-corpus
docs/commits-source-split-v1/012.md	027eb5240bddffa925e9b503698168d604cd6fae	027eb5240bddffa925e9b503698168d604cd6fae	identical	learning/odds-v1	docs/commits/012.md	rename-then-rebase-source-metadata	oid-identical-no-reread	complete-18-answer-corpus
docs/commits-source-split-v1/013.md	697f51994cdf3f193e58b25bb1d8ad20694af005	697f51994cdf3f193e58b25bb1d8ad20694af005	identical	learning/odds-v1	docs/commits/013.md	rename-then-rebase-source-metadata	oid-identical-no-reread	complete-18-answer-corpus
docs/commits-source-split-v1/014.md	b365b4314111a6dcdf771780af0a4e2503ba12d7	b365b4314111a6dcdf771780af0a4e2503ba12d7	identical	learning/odds-v1	docs/commits/014.md	rename-then-rebase-source-metadata	oid-identical-no-reread	complete-18-answer-corpus
docs/commits-source-split-v1/015.md	eb1719fa30a423d285e1632368c15d15aa0f3dcd	eb1719fa30a423d285e1632368c15d15aa0f3dcd	identical	learning/odds-v1	docs/commits/015.md	rename-then-rebase-source-metadata	oid-identical-no-reread	complete-18-answer-corpus
docs/commits-source-split-v1/016.md	ba9ebef3fa3076ce542cfdf932f115cdd99e8798	ba9ebef3fa3076ce542cfdf932f115cdd99e8798	identical	learning/odds-v1	docs/commits/016.md	rename-then-rebase-source-metadata	oid-identical-no-reread	complete-18-answer-corpus
docs/commits-source-split-v1/017.md	70456a9a90083bfcbbcae351c4de8d518cb97518	70456a9a90083bfcbbcae351c4de8d518cb97518	identical	learning/odds-v1	docs/commits/017.md	rename-then-rebase-source-metadata	oid-identical-no-reread	complete-18-answer-corpus
docs/commits-source-split-v1/README.md	6fc162ba7c0a66bfe30e66d70cd6f908ada62a76	6fc162ba7c0a66bfe30e66d70cd6f908ada62a76	identical	learning/odds-v1	docs/commits/README.md	rename-and-rewrite-after-answer-review	oid-identical-no-reread	complete-18-answer-index-and-crosswalk
docs/commits/.gitkeep	e69de29bb2d1d6434b8b29ae775ad8c2e48c5391	e69de29bb2d1d6434b8b29ae775ad8c2e48c5391	identical	-	-	discard	oid-identical-no-reread	duplicate-corpus-covers-only-14-of-18-source-commits
docs/commits/000.md	1442089228fe45a083a33cb392fe2250e107e537	1442089228fe45a083a33cb392fe2250e107e537	identical	-	-	discard	oid-identical-no-reread	duplicate-corpus-covers-only-14-of-18-source-commits
docs/commits/001.md	feaced2c0dc756fd805801ec1c65eb8bf8528ae2	feaced2c0dc756fd805801ec1c65eb8bf8528ae2	identical	-	-	discard	oid-identical-no-reread	duplicate-corpus-covers-only-14-of-18-source-commits
docs/commits/002.md	b58585e9142e66df8c0cad41b86f3cee17cf0b21	b58585e9142e66df8c0cad41b86f3cee17cf0b21	identical	-	-	discard	oid-identical-no-reread	duplicate-corpus-covers-only-14-of-18-source-commits
docs/commits/003.md	c5bd33c6e2b6fc22c33ec0bc3bed377f5efb35c3	c5bd33c6e2b6fc22c33ec0bc3bed377f5efb35c3	identical	-	-	discard	oid-identical-no-reread	duplicate-corpus-covers-only-14-of-18-source-commits
docs/commits/004.md	c23910521b69150ff71794cc89590b4770531abe	c23910521b69150ff71794cc89590b4770531abe	identical	-	-	discard	oid-identical-no-reread	duplicate-corpus-covers-only-14-of-18-source-commits
docs/commits/005.md	d2f859d8281b4e24c00382d337edb59e98849e4f	d2f859d8281b4e24c00382d337edb59e98849e4f	identical	-	-	discard	oid-identical-no-reread	duplicate-corpus-covers-only-14-of-18-source-commits
docs/commits/006.md	44a814c24b098c7d82c464e454f5ec74483ed8f5	44a814c24b098c7d82c464e454f5ec74483ed8f5	identical	-	-	discard	oid-identical-no-reread	duplicate-corpus-covers-only-14-of-18-source-commits
docs/commits/007.md	9f7c457fcdc5d7a39df3429ddc3c5fd734491131	9f7c457fcdc5d7a39df3429ddc3c5fd734491131	identical	-	-	discard	oid-identical-no-reread	duplicate-corpus-covers-only-14-of-18-source-commits
docs/commits/008.md	8018f6ede7cb4bd201ca5d8cf000ef917a4e3e48	8018f6ede7cb4bd201ca5d8cf000ef917a4e3e48	identical	-	-	discard	oid-identical-no-reread	duplicate-corpus-covers-only-14-of-18-source-commits
docs/commits/009.md	8518eb07618db4965aa5d601cfaa7e627af6ae9b	8518eb07618db4965aa5d601cfaa7e627af6ae9b	identical	-	-	discard	oid-identical-no-reread	duplicate-corpus-covers-only-14-of-18-source-commits
docs/commits/010.md	d0feed37ccae27e85ae7712770f19eeadd0f6765	d0feed37ccae27e85ae7712770f19eeadd0f6765	identical	-	-	discard	oid-identical-no-reread	duplicate-corpus-covers-only-14-of-18-source-commits
docs/commits/011.md	40b88e10dc1ffb84f3fa1c4681433a2f48c84655	40b88e10dc1ffb84f3fa1c4681433a2f48c84655	identical	-	-	discard	oid-identical-no-reread	duplicate-corpus-covers-only-14-of-18-source-commits
docs/commits/012.md	e3edd4eefc32585b0ae9ae58f709a141e06f875b	e3edd4eefc32585b0ae9ae58f709a141e06f875b	identical	-	-	discard	oid-identical-no-reread	duplicate-corpus-covers-only-14-of-18-source-commits
docs/commits/013.md	9b8fdd25be6772a8ca50ebcfd6a954f8d741425e	9b8fdd25be6772a8ca50ebcfd6a954f8d741425e	identical	-	-	discard	oid-identical-no-reread	duplicate-corpus-covers-only-14-of-18-source-commits
docs/commits/README.md	cf60a07d4ca47345f5eb970e9063b414babfc9d6	cf60a07d4ca47345f5eb970e9063b414babfc9d6	identical	-	-	discard	oid-identical-no-reread	duplicate-corpus-covers-only-14-of-18-source-commits
docs/practice-odds-v1.0.1/README.md	-	17792eb7bf937473b5f0a4d74a119edc88db5592	odds-v1.0.1-only	learning/odds-v1.0.1	-	discard	branch-unique-direct-review	discard-navigation-only-source-commit-018
docs/practice-source-split-v1/000.md	83534f84569bb623e71da96abd9b88fc3510b1c5	83534f84569bb623e71da96abd9b88fc3510b1c5	identical	learning/odds-v1	docs/practice/000.md	after-answer-barrier-rename-relink-rebase	oid-identical-no-reread	selected-13-practice-corpus
docs/practice-source-split-v1/001.md	962cd0884c66ef76f7c668006cf4ff0fad7620ca	962cd0884c66ef76f7c668006cf4ff0fad7620ca	identical	learning/odds-v1	docs/practice/001.md	after-answer-barrier-rename-relink-rebase	oid-identical-no-reread	selected-13-practice-corpus
docs/practice-source-split-v1/002.md	947669a6a46bad83eb2c12664c92c61de5a763dd	947669a6a46bad83eb2c12664c92c61de5a763dd	identical	learning/odds-v1	docs/practice/002.md	after-answer-barrier-rename-relink-rebase	oid-identical-no-reread	selected-13-practice-corpus
docs/practice-source-split-v1/003.md	dce2f87794729a0ecd6f074201f8c52995133ba5	dce2f87794729a0ecd6f074201f8c52995133ba5	identical	learning/odds-v1	docs/practice/003.md	after-answer-barrier-rename-relink-rebase	oid-identical-no-reread	selected-13-practice-corpus
docs/practice-source-split-v1/004.md	0660f4067be7800cbc2721a817cc501e8e06786a	0660f4067be7800cbc2721a817cc501e8e06786a	identical	learning/odds-v1	docs/practice/004.md	after-answer-barrier-rename-relink-rebase	oid-identical-no-reread	selected-13-practice-corpus
docs/practice-source-split-v1/005.md	d4785ed95539379a6ecf997d0f78442f5889d4a4	d4785ed95539379a6ecf997d0f78442f5889d4a4	identical	learning/odds-v1	docs/practice/005.md	after-answer-barrier-rename-relink-rebase	oid-identical-no-reread	selected-13-practice-corpus
docs/practice-source-split-v1/006.md	c745956feae3d0a5a452a72577adb2683911d0be	c745956feae3d0a5a452a72577adb2683911d0be	identical	learning/odds-v1	docs/practice/006.md	after-answer-barrier-rename-relink-rebase	oid-identical-no-reread	selected-13-practice-corpus
docs/practice-source-split-v1/007.md	1b08e1f41938cef41b52b7b8bd389a3e1e567a3c	1b08e1f41938cef41b52b7b8bd389a3e1e567a3c	identical	learning/odds-v1	docs/practice/007.md	after-answer-barrier-rename-relink-rebase	oid-identical-no-reread	selected-13-practice-corpus
docs/practice-source-split-v1/008.md	c1fdb1637391b7a0085ea73c5ad43d60c6e8e6a1	c1fdb1637391b7a0085ea73c5ad43d60c6e8e6a1	identical	learning/odds-v1	docs/practice/008.md	after-answer-barrier-rename-relink-rebase	oid-identical-no-reread	selected-13-practice-corpus
docs/practice-source-split-v1/009.md	164564289e400d41ec53d8cc0182056a08acd1ed	164564289e400d41ec53d8cc0182056a08acd1ed	identical	learning/odds-v1	docs/practice/009.md	after-answer-barrier-rename-relink-rebase	oid-identical-no-reread	selected-13-practice-corpus
docs/practice-source-split-v1/012.md	125658f962523f856fa0892560c76316733e1b2b	125658f962523f856fa0892560c76316733e1b2b	identical	learning/odds-v1	docs/practice/012.md	after-answer-barrier-rename-relink-rebase	oid-identical-no-reread	selected-13-practice-corpus
docs/practice-source-split-v1/013.md	b18c2a82f5ca1549e00e8392a78d826fe75a94ba	b18c2a82f5ca1549e00e8392a78d826fe75a94ba	identical	learning/odds-v1	docs/practice/013.md	after-answer-barrier-rename-relink-rebase	oid-identical-no-reread	selected-13-practice-corpus
docs/practice-source-split-v1/016.md	3f13f1cd8e308502c50c5f429a647abc6cebb8f0	3f13f1cd8e308502c50c5f429a647abc6cebb8f0	identical	learning/odds-v1	docs/practice/016.md	after-answer-barrier-rename-relink-rebase	oid-identical-no-reread	selected-13-practice-corpus
docs/practice-source-split-v1/README.md	9ee8fa8050c5fe3e4e0f643dccf090fb10017a7a	9ee8fa8050c5fe3e4e0f643dccf090fb10017a7a	identical	learning/odds-v1	docs/practice/README.md	after-answer-barrier-rename-and-rewrite	oid-identical-no-reread	13-practice-5-omission-index
docs/practice/000.md	097d029344d4d27fd58f19c507a1242b026adb83	097d029344d4d27fd58f19c507a1242b026adb83	identical	-	-	discard	oid-identical-no-reread	duplicate-corpus-has-noncanonical-old-basis
docs/practice/001.md	5d1d897d09e0151ca2fff1379f580b66d210ca7d	5d1d897d09e0151ca2fff1379f580b66d210ca7d	identical	-	-	discard	oid-identical-no-reread	duplicate-corpus-has-noncanonical-old-basis
docs/practice/002.md	acd0b6764b69b35f046ed20ed7f8866c822159de	acd0b6764b69b35f046ed20ed7f8866c822159de	identical	-	-	discard	oid-identical-no-reread	duplicate-corpus-has-noncanonical-old-basis
docs/practice/003.md	563217c19b80f921bc729be2685647fd8a2c736d	563217c19b80f921bc729be2685647fd8a2c736d	identical	-	-	discard	oid-identical-no-reread	duplicate-corpus-has-noncanonical-old-basis
docs/practice/004.md	f84bc9bf0b021a21c5dc870287a59220b89a9c25	f84bc9bf0b021a21c5dc870287a59220b89a9c25	identical	-	-	discard	oid-identical-no-reread	duplicate-corpus-has-noncanonical-old-basis
docs/practice/005.md	e40204b07855a742923379699af92a1443823ddb	e40204b07855a742923379699af92a1443823ddb	identical	-	-	discard	oid-identical-no-reread	duplicate-corpus-has-noncanonical-old-basis
docs/practice/006.md	9ab31d40a11407c92b41787a595a860b23b9aa34	9ab31d40a11407c92b41787a595a860b23b9aa34	identical	-	-	discard	oid-identical-no-reread	duplicate-corpus-has-noncanonical-old-basis
docs/practice/007.md	30a67440668d6854c8e058fe9ac9799ef18ff11c	30a67440668d6854c8e058fe9ac9799ef18ff11c	identical	-	-	discard	oid-identical-no-reread	duplicate-corpus-has-noncanonical-old-basis
docs/practice/008.md	18851fa4404be0bcc15dd0be81b23d4c0f2cce26	18851fa4404be0bcc15dd0be81b23d4c0f2cce26	identical	-	-	discard	oid-identical-no-reread	duplicate-corpus-has-noncanonical-old-basis
docs/practice/009.md	0120a46b53bdac7e3fca82447285e593bdbc059d	0120a46b53bdac7e3fca82447285e593bdbc059d	identical	-	-	discard	oid-identical-no-reread	duplicate-corpus-has-noncanonical-old-basis
docs/practice/012.md	a0b307e1bb9937adfff8e5955b393bcd2656c8f9	a0b307e1bb9937adfff8e5955b393bcd2656c8f9	identical	-	-	discard	oid-identical-no-reread	duplicate-corpus-has-noncanonical-old-basis
docs/practice/013.md	6e81136d9b9f590825566e4e2e3647e11ee44eab	6e81136d9b9f590825566e4e2e3647e11ee44eab	identical	-	-	discard	oid-identical-no-reread	duplicate-corpus-has-noncanonical-old-basis
docs/practice/README.md	88e28981459e007cc03f10ccd176795717a69a9c	88e28981459e007cc03f10ccd176795717a69a9c	identical	-	-	discard	oid-identical-no-reread	duplicate-corpus-has-noncanonical-old-basis
docs/reflection/.gitkeep	e69de29bb2d1d6434b8b29ae775ad8c2e48c5391	e69de29bb2d1d6434b8b29ae775ad8c2e48c5391	identical	-	-	discard-empty-placeholder	oid-identical-no-reread	empty-placeholder-unneeded-with-live-reflection-files
docs/reflection/change-cost.md	5424e93bcc2cf1faf13ca5df3e03ef2db5ac2ea1	5424e93bcc2cf1faf13ca5df3e03ef2db5ac2ea1	identical	both-identical	docs/reflection/change-cost.md	preserve-exact-oid	oid-identical-no-reread	project-local-reflection
docs/reflection/retrospective.md	b6e4b21681d614311171a3a73ebb5684c5a02d8f	b6e4b21681d614311171a3a73ebb5684c5a02d8f	identical	both-identical	docs/reflection/retrospective.md	preserve-exact-oid	oid-identical-no-reread	project-local-reflection
load-test/README.md	c89434c622d323bbefbc992357c215a843ee38e6	c89434c622d323bbefbc992357c215a843ee38e6	identical	frozen-source	load-test/README.md	inherit-frozen-source	oid-identical-no-reread	source-basis-path-is-not-copied-from-a-learning-branch
load-test/docker-compose.yml	5a34f9674e65da534311605e5d311a6b4fd5f6eb	5a34f9674e65da534311605e5d311a6b4fd5f6eb	identical	frozen-source	load-test/docker-compose.yml	inherit-frozen-source	oid-identical-no-reread	source-basis-path-is-not-copied-from-a-learning-branch
load-test/results/2026-05-28/BASELINE.md	d75623d1205f511e6fbcc363159be82221fbb012	-	odds-v1-only	learning/odds-v1	load-test/results/2026-05-28/BASELINE.md	preserve-exact-oid	branch-unique-direct-review	valid-unique-controlled-and-historical-load-evidence
load-test/results/2026-07-13/HTTP_GATE.md	4a9f580c083a7f01d840f24d70baa05948682c58	-	odds-v1-only	learning/odds-v1	load-test/results/2026-07-13/HTTP_GATE.md	preserve-exact-oid	branch-unique-direct-review	valid-unique-controlled-and-historical-load-evidence
load-test/results/2026-07-13/http-gate-baseline.tsv	f7dd878d61bb493d6b3627855740942c6808d1ce	-	odds-v1-only	learning/odds-v1	load-test/results/2026-07-13/http-gate-baseline.tsv	preserve-exact-oid	branch-unique-direct-review	valid-unique-controlled-and-historical-load-evidence
load-test/results/2026-07-13/http-gate-controlled-green.tsv	671ed14bf83da590b3fdd338668f911ed377db77	-	odds-v1-only	learning/odds-v1	load-test/results/2026-07-13/http-gate-controlled-green.tsv	preserve-exact-oid	branch-unique-direct-review	valid-unique-controlled-and-historical-load-evidence
load-test/results/2026-07-13/jfr-events.tsv	8e6ced868371e8817c1815a81a9055b86193e9df	-	odds-v1-only	learning/odds-v1	load-test/results/2026-07-13/jfr-events.tsv	preserve-exact-oid	branch-unique-direct-review	valid-unique-controlled-and-historical-load-evidence
load-test/results/2026-07-13/no-otel-events.tsv	2e02bee65a5efa46ab2ff0365e00bf4a4743df91	-	odds-v1-only	learning/odds-v1	load-test/results/2026-07-13/no-otel-events.tsv	preserve-exact-oid	branch-unique-direct-review	valid-unique-controlled-and-historical-load-evidence
load-test/results/BEST.md	1fb208405c493ee3ebba7008bfb462c500c6f7f7	-	odds-v1-only	learning/odds-v1	load-test/results/BEST.md	direct-content-update	branch-unique-direct-review	stale-TBD-rows-conflict-with-preserved-2026-07-13-HTTP-gate
load-test/run-http-gate.sh	a08c564b11afda62fdda1f9bf44b8e4c7a70c1d6	a08c564b11afda62fdda1f9bf44b8e4c7a70c1d6	identical	frozen-source	load-test/run-http-gate.sh	inherit-frozen-source	oid-identical-no-reread	source-basis-path-is-not-copied-from-a-learning-branch
load-test/scenarios/odds_read.js	e5ea9d13b91d80ed219c20a9c0cf4bd8a1aa2468	e5ea9d13b91d80ed219c20a9c0cf4bd8a1aa2468	identical	frozen-source	load-test/scenarios/odds_read.js	inherit-frozen-source	oid-identical-no-reread	source-basis-path-is-not-copied-from-a-learning-branch
mvnw	bd8896bf2217b46faa0291585e01ac1a3441a958	bd8896bf2217b46faa0291585e01ac1a3441a958	identical	frozen-source	mvnw	inherit-frozen-source	oid-identical-no-reread	source-basis-path-is-not-copied-from-a-learning-branch
mvnw.cmd	92450f93273470af42eeee491874afb2039b700a	92450f93273470af42eeee491874afb2039b700a	identical	frozen-source	mvnw.cmd	inherit-frozen-source	oid-identical-no-reread	source-basis-path-is-not-copied-from-a-learning-branch
pom.xml	5e1658e4b4feaf0d84dc464247b5ac7b318862aa	5e1658e4b4feaf0d84dc464247b5ac7b318862aa	identical	frozen-source	pom.xml	inherit-frozen-source	oid-identical-no-reread	source-basis-path-is-not-copied-from-a-learning-branch
src/main/java/com/sportsbook/oddsfeed/OddsFeedApplication.java	b036b9427eedd5d14b031c6fe141fc63aa8fb7f7	b036b9427eedd5d14b031c6fe141fc63aa8fb7f7	identical	frozen-source	src/main/java/com/sportsbook/oddsfeed/OddsFeedApplication.java	inherit-frozen-source	oid-identical-no-reread	source-basis-path-is-not-copied-from-a-learning-branch
src/main/java/com/sportsbook/oddsfeed/api/CursorPage.java	a0dc11417008a21590445b1cff03eedf072d93b8	a0dc11417008a21590445b1cff03eedf072d93b8	identical	frozen-source	src/main/java/com/sportsbook/oddsfeed/api/CursorPage.java	inherit-frozen-source	oid-identical-no-reread	source-basis-path-is-not-copied-from-a-learning-branch
src/main/java/com/sportsbook/oddsfeed/api/EventCatalog.java	6c4caae10344a8c25f99259cba263cdb7996c93b	6c4caae10344a8c25f99259cba263cdb7996c93b	identical	frozen-source	src/main/java/com/sportsbook/oddsfeed/api/EventCatalog.java	inherit-frozen-source	oid-identical-no-reread	source-basis-path-is-not-copied-from-a-learning-branch
src/main/java/com/sportsbook/oddsfeed/api/EventReadController.java	9d6bfe3cbee394b1ff540e3d033812b896b051d1	9d6bfe3cbee394b1ff540e3d033812b896b051d1	identical	frozen-source	src/main/java/com/sportsbook/oddsfeed/api/EventReadController.java	inherit-frozen-source	oid-identical-no-reread	source-basis-path-is-not-copied-from-a-learning-branch
src/main/java/com/sportsbook/oddsfeed/api/MarketAdminController.java	edeaf3273e8593a5a4a97355835adcc42d43c341	edeaf3273e8593a5a4a97355835adcc42d43c341	identical	frozen-source	src/main/java/com/sportsbook/oddsfeed/api/MarketAdminController.java	inherit-frozen-source	oid-identical-no-reread	source-basis-path-is-not-copied-from-a-learning-branch
src/main/java/com/sportsbook/oddsfeed/api/OddsReadController.java	a6f15485e1b27d7e8827a95d61e1d274b2438663	a6f15485e1b27d7e8827a95d61e1d274b2438663	identical	frozen-source	src/main/java/com/sportsbook/oddsfeed/api/OddsReadController.java	inherit-frozen-source	oid-identical-no-reread	source-basis-path-is-not-copied-from-a-learning-branch
src/main/java/com/sportsbook/oddsfeed/cache/CacheKeys.java	a03b35d3b01104e9f3d8bafce45f5dc41cb6fac0	a03b35d3b01104e9f3d8bafce45f5dc41cb6fac0	identical	frozen-source	src/main/java/com/sportsbook/oddsfeed/cache/CacheKeys.java	inherit-frozen-source	oid-identical-no-reread	source-basis-path-is-not-copied-from-a-learning-branch
src/main/java/com/sportsbook/oddsfeed/cache/RedisOddsCache.java	ba4a46f471df1dac43e35c15c9475a26c113c8c3	ba4a46f471df1dac43e35c15c9475a26c113c8c3	identical	frozen-source	src/main/java/com/sportsbook/oddsfeed/cache/RedisOddsCache.java	inherit-frozen-source	oid-identical-no-reread	source-basis-path-is-not-copied-from-a-learning-branch
src/main/java/com/sportsbook/oddsfeed/config/ApplicationConfig.java	285ff7648049174d5a871f7293fe14b26b5d89cc	285ff7648049174d5a871f7293fe14b26b5d89cc	identical	frozen-source	src/main/java/com/sportsbook/oddsfeed/config/ApplicationConfig.java	inherit-frozen-source	oid-identical-no-reread	source-basis-path-is-not-copied-from-a-learning-branch
src/main/java/com/sportsbook/oddsfeed/config/CacheProperties.java	ed8c46bb5ea6b4ab58a51795a7a31dea607545db	ed8c46bb5ea6b4ab58a51795a7a31dea607545db	identical	frozen-source	src/main/java/com/sportsbook/oddsfeed/config/CacheProperties.java	inherit-frozen-source	oid-identical-no-reread	source-basis-path-is-not-copied-from-a-learning-branch
src/main/java/com/sportsbook/oddsfeed/config/KafkaTopicsProperties.java	29c76e6c7052df9b1de7ca32dd3b267b7d5c312c	29c76e6c7052df9b1de7ca32dd3b267b7d5c312c	identical	frozen-source	src/main/java/com/sportsbook/oddsfeed/config/KafkaTopicsProperties.java	inherit-frozen-source	oid-identical-no-reread	source-basis-path-is-not-copied-from-a-learning-branch
src/main/java/com/sportsbook/oddsfeed/config/MockProperties.java	d4af0f2a01916cfa51dd2c0dd8be4d9a1142e040	d4af0f2a01916cfa51dd2c0dd8be4d9a1142e040	identical	frozen-source	src/main/java/com/sportsbook/oddsfeed/config/MockProperties.java	inherit-frozen-source	oid-identical-no-reread	source-basis-path-is-not-copied-from-a-learning-branch
src/main/java/com/sportsbook/oddsfeed/config/PublishProperties.java	a0398687c8cf1f8d305a0320f89bc3ccafeabe9e	a0398687c8cf1f8d305a0320f89bc3ccafeabe9e	identical	frozen-source	src/main/java/com/sportsbook/oddsfeed/config/PublishProperties.java	inherit-frozen-source	oid-identical-no-reread	source-basis-path-is-not-copied-from-a-learning-branch
src/main/java/com/sportsbook/oddsfeed/config/RealProperties.java	ab93eeb5fc7f95b019f4d93299d31a77e9740f06	ab93eeb5fc7f95b019f4d93299d31a77e9740f06	identical	frozen-source	src/main/java/com/sportsbook/oddsfeed/config/RealProperties.java	inherit-frozen-source	oid-identical-no-reread	source-basis-path-is-not-copied-from-a-learning-branch
src/main/java/com/sportsbook/oddsfeed/config/TheOddsApiClientConfig.java	5dab698c18963e9e9b734f2add3d9fa363a0036b	5dab698c18963e9e9b734f2add3d9fa363a0036b	identical	frozen-source	src/main/java/com/sportsbook/oddsfeed/config/TheOddsApiClientConfig.java	inherit-frozen-source	oid-identical-no-reread	source-basis-path-is-not-copied-from-a-learning-branch
src/main/java/com/sportsbook/oddsfeed/kafka/AvroDeserializer.java	05708f16056854d39c576cee6f10bea5d82b2cd8	05708f16056854d39c576cee6f10bea5d82b2cd8	identical	frozen-source	src/main/java/com/sportsbook/oddsfeed/kafka/AvroDeserializer.java	inherit-frozen-source	oid-identical-no-reread	source-basis-path-is-not-copied-from-a-learning-branch
src/main/java/com/sportsbook/oddsfeed/kafka/AvroSerializer.java	61dd97a62b3bfd2ce829597ce9bd2cc1d36ba172	61dd97a62b3bfd2ce829597ce9bd2cc1d36ba172	identical	frozen-source	src/main/java/com/sportsbook/oddsfeed/kafka/AvroSerializer.java	inherit-frozen-source	oid-identical-no-reread	source-basis-path-is-not-copied-from-a-learning-branch
src/main/java/com/sportsbook/oddsfeed/kafka/KafkaConfig.java	1511162aceffd7eb22ce3ed2cd73b9bc88622895	1511162aceffd7eb22ce3ed2cd73b9bc88622895	identical	frozen-source	src/main/java/com/sportsbook/oddsfeed/kafka/KafkaConfig.java	inherit-frozen-source	oid-identical-no-reread	source-basis-path-is-not-copied-from-a-learning-branch
src/main/java/com/sportsbook/oddsfeed/orchestrator/FeedOrchestrator.java	2f744e8c97dfc0a88526ff3b6184d7855dcc41ac	2f744e8c97dfc0a88526ff3b6184d7855dcc41ac	identical	frozen-source	src/main/java/com/sportsbook/oddsfeed/orchestrator/FeedOrchestrator.java	inherit-frozen-source	oid-identical-no-reread	source-basis-path-is-not-copied-from-a-learning-branch
src/main/java/com/sportsbook/oddsfeed/provider/EventSummary.java	6a2e9d51e8bfa8994fc716e235c74cba36f066e3	6a2e9d51e8bfa8994fc716e235c74cba36f066e3	identical	frozen-source	src/main/java/com/sportsbook/oddsfeed/provider/EventSummary.java	inherit-frozen-source	oid-identical-no-reread	source-basis-path-is-not-copied-from-a-learning-branch
src/main/java/com/sportsbook/oddsfeed/provider/MatchOutcome.java	cb00261bc89734bae0bddcd6a72136affd254790	cb00261bc89734bae0bddcd6a72136affd254790	identical	frozen-source	src/main/java/com/sportsbook/oddsfeed/provider/MatchOutcome.java	inherit-frozen-source	oid-identical-no-reread	source-basis-path-is-not-copied-from-a-learning-branch
src/main/java/com/sportsbook/oddsfeed/provider/OddsProvider.java	2c054b65a81e584904a2bc2cbb60733f61b8c5e2	2c054b65a81e584904a2bc2cbb60733f61b8c5e2	identical	frozen-source	src/main/java/com/sportsbook/oddsfeed/provider/OddsProvider.java	inherit-frozen-source	oid-identical-no-reread	source-basis-path-is-not-copied-from-a-learning-branch
src/main/java/com/sportsbook/oddsfeed/provider/ProviderEvent.java	b04ffc4e4c99a0b3b303bf7741c5d32689db2f05	b04ffc4e4c99a0b3b303bf7741c5d32689db2f05	identical	frozen-source	src/main/java/com/sportsbook/oddsfeed/provider/ProviderEvent.java	inherit-frozen-source	oid-identical-no-reread	source-basis-path-is-not-copied-from-a-learning-branch
src/main/java/com/sportsbook/oddsfeed/provider/Sport.java	43284125763b48315424c88c7dc56b0faadf95ae	43284125763b48315424c88c7dc56b0faadf95ae	identical	frozen-source	src/main/java/com/sportsbook/oddsfeed/provider/Sport.java	inherit-frozen-source	oid-identical-no-reread	source-basis-path-is-not-copied-from-a-learning-branch
src/main/java/com/sportsbook/oddsfeed/provider/mock/LateGoal.java	006cd0f4ba476a06d2139d61314e57339eca66b5	006cd0f4ba476a06d2139d61314e57339eca66b5	identical	frozen-source	src/main/java/com/sportsbook/oddsfeed/provider/mock/LateGoal.java	inherit-frozen-source	oid-identical-no-reread	source-basis-path-is-not-copied-from-a-learning-branch
src/main/java/com/sportsbook/oddsfeed/provider/mock/MatchPostponed.java	c0f38f52e1714ad038998789743224954cfd1f81	c0f38f52e1714ad038998789743224954cfd1f81	identical	frozen-source	src/main/java/com/sportsbook/oddsfeed/provider/mock/MatchPostponed.java	inherit-frozen-source	oid-identical-no-reread	source-basis-path-is-not-copied-from-a-learning-branch
src/main/java/com/sportsbook/oddsfeed/provider/mock/MockOddsProvider.java	963452df83322d70dea75cbe0ae30068a23f89d1	963452df83322d70dea75cbe0ae30068a23f89d1	identical	frozen-source	src/main/java/com/sportsbook/oddsfeed/provider/mock/MockOddsProvider.java	inherit-frozen-source	oid-identical-no-reread	source-basis-path-is-not-copied-from-a-learning-branch
src/main/java/com/sportsbook/oddsfeed/provider/mock/MockScenario.java	06dc0f40b35419111a0931c8d0890a010b5c17e4	06dc0f40b35419111a0931c8d0890a010b5c17e4	identical	frozen-source	src/main/java/com/sportsbook/oddsfeed/provider/mock/MockScenario.java	inherit-frozen-source	oid-identical-no-reread	source-basis-path-is-not-copied-from-a-learning-branch
src/main/java/com/sportsbook/oddsfeed/provider/mock/OddsCrash.java	3c96104f25ae3f141fa37080fe3fb346facb2f2c	3c96104f25ae3f141fa37080fe3fb346facb2f2c	identical	frozen-source	src/main/java/com/sportsbook/oddsfeed/provider/mock/OddsCrash.java	inherit-frozen-source	oid-identical-no-reread	source-basis-path-is-not-copied-from-a-learning-branch
src/main/java/com/sportsbook/oddsfeed/provider/mock/OddsSimulator.java	974f5639dc560c1e6db3efafae9a4ea40253d6fa	974f5639dc560c1e6db3efafae9a4ea40253d6fa	identical	frozen-source	src/main/java/com/sportsbook/oddsfeed/provider/mock/OddsSimulator.java	inherit-frozen-source	oid-identical-no-reread	source-basis-path-is-not-copied-from-a-learning-branch
src/main/java/com/sportsbook/oddsfeed/provider/mock/ScenarioRotator.java	942bac6490246300a2622919ccc308e398f70c75	942bac6490246300a2622919ccc308e398f70c75	identical	frozen-source	src/main/java/com/sportsbook/oddsfeed/provider/mock/ScenarioRotator.java	inherit-frozen-source	oid-identical-no-reread	source-basis-path-is-not-copied-from-a-learning-branch
src/main/java/com/sportsbook/oddsfeed/provider/mock/SuddenMarketSuspend.java	1747b9b63b2ac020cf7294c05b0faba8ad0ba30e	1747b9b63b2ac020cf7294c05b0faba8ad0ba30e	identical	frozen-source	src/main/java/com/sportsbook/oddsfeed/provider/mock/SuddenMarketSuspend.java	inherit-frozen-source	oid-identical-no-reread	source-basis-path-is-not-copied-from-a-learning-branch
src/main/java/com/sportsbook/oddsfeed/provider/real/QuotaCounter.java	945c8e5193c4ac8ca0ea60fa6a9a529b155f13aa	945c8e5193c4ac8ca0ea60fa6a9a529b155f13aa	identical	frozen-source	src/main/java/com/sportsbook/oddsfeed/provider/real/QuotaCounter.java	inherit-frozen-source	oid-identical-no-reread	source-basis-path-is-not-copied-from-a-learning-branch
src/main/java/com/sportsbook/oddsfeed/provider/real/RateLimiter.java	9ee31e7e4268af611b76ed3f40768a999f0480b5	9ee31e7e4268af611b76ed3f40768a999f0480b5	identical	frozen-source	src/main/java/com/sportsbook/oddsfeed/provider/real/RateLimiter.java	inherit-frozen-source	oid-identical-no-reread	source-basis-path-is-not-copied-from-a-learning-branch
src/main/java/com/sportsbook/oddsfeed/provider/real/RedisQuotaCounter.java	6b1239ccefc0aaaab9e771e90f592dfa41e15e95	6b1239ccefc0aaaab9e771e90f592dfa41e15e95	identical	frozen-source	src/main/java/com/sportsbook/oddsfeed/provider/real/RedisQuotaCounter.java	inherit-frozen-source	oid-identical-no-reread	source-basis-path-is-not-copied-from-a-learning-branch
src/main/java/com/sportsbook/oddsfeed/provider/real/TheOddsApiDtos.java	87232b889ed97b950e7a2cd46d543f5009440974	87232b889ed97b950e7a2cd46d543f5009440974	identical	frozen-source	src/main/java/com/sportsbook/oddsfeed/provider/real/TheOddsApiDtos.java	inherit-frozen-source	oid-identical-no-reread	source-basis-path-is-not-copied-from-a-learning-branch
src/main/java/com/sportsbook/oddsfeed/provider/real/TheOddsApiProvider.java	b4e3dc227b727c2083414bb158a2ba5b4e3723d0	b4e3dc227b727c2083414bb158a2ba5b4e3723d0	identical	frozen-source	src/main/java/com/sportsbook/oddsfeed/provider/real/TheOddsApiProvider.java	inherit-frozen-source	oid-identical-no-reread	source-basis-path-is-not-copied-from-a-learning-branch
src/main/java/com/sportsbook/oddsfeed/publisher/OddsFeedPublisher.java	b678dbb1c0629d61c8e2d6d3287d4c6ec8e0f8a9	b678dbb1c0629d61c8e2d6d3287d4c6ec8e0f8a9	identical	frozen-source	src/main/java/com/sportsbook/oddsfeed/publisher/OddsFeedPublisher.java	inherit-frozen-source	oid-identical-no-reread	source-basis-path-is-not-copied-from-a-learning-branch
src/main/resources/application-mock.yml	defb8e83088dc90015f7a192679dcd5006fa27e1	defb8e83088dc90015f7a192679dcd5006fa27e1	identical	frozen-source	src/main/resources/application-mock.yml	inherit-frozen-source	oid-identical-no-reread	source-basis-path-is-not-copied-from-a-learning-branch
src/main/resources/application-real.yml	78b89d145af6e2954fbe9050bf53d9de52d09e4b	78b89d145af6e2954fbe9050bf53d9de52d09e4b	identical	frozen-source	src/main/resources/application-real.yml	inherit-frozen-source	oid-identical-no-reread	source-basis-path-is-not-copied-from-a-learning-branch
src/main/resources/application.yml	898e010f52a452b498c0b966fa9e3095145a45bd	898e010f52a452b498c0b966fa9e3095145a45bd	identical	frozen-source	src/main/resources/application.yml	inherit-frozen-source	oid-identical-no-reread	source-basis-path-is-not-copied-from-a-learning-branch
src/main/resources/logback-spring.xml	bd728bc204f9494b59b76a0e9033c0b3112fea32	bd728bc204f9494b59b76a0e9033c0b3112fea32	identical	frozen-source	src/main/resources/logback-spring.xml	inherit-frozen-source	oid-identical-no-reread	source-basis-path-is-not-copied-from-a-learning-branch
src/test/java/com/sportsbook/oddsfeed/OddsFeedApplicationTests.java	2117fb94e57f67af428ca4fd0b36a84909c27c13	2117fb94e57f67af428ca4fd0b36a84909c27c13	identical	frozen-source	src/test/java/com/sportsbook/oddsfeed/OddsFeedApplicationTests.java	inherit-frozen-source	oid-identical-no-reread	source-basis-path-is-not-copied-from-a-learning-branch
src/test/java/com/sportsbook/oddsfeed/api/EventReadControllerTest.java	864e82748d9d1e3fb2565671005a06deb2a07148	864e82748d9d1e3fb2565671005a06deb2a07148	identical	frozen-source	src/test/java/com/sportsbook/oddsfeed/api/EventReadControllerTest.java	inherit-frozen-source	oid-identical-no-reread	source-basis-path-is-not-copied-from-a-learning-branch
src/test/java/com/sportsbook/oddsfeed/api/MarketAdminControllerTest.java	977627cd5c86ab4c138133ca9d58ed77629d35fd	977627cd5c86ab4c138133ca9d58ed77629d35fd	identical	frozen-source	src/test/java/com/sportsbook/oddsfeed/api/MarketAdminControllerTest.java	inherit-frozen-source	oid-identical-no-reread	source-basis-path-is-not-copied-from-a-learning-branch
src/test/java/com/sportsbook/oddsfeed/api/OddsReadControllerTest.java	b52f1a95520305a4713bd9fe314a3b37497115f7	b52f1a95520305a4713bd9fe314a3b37497115f7	identical	frozen-source	src/test/java/com/sportsbook/oddsfeed/api/OddsReadControllerTest.java	inherit-frozen-source	oid-identical-no-reread	source-basis-path-is-not-copied-from-a-learning-branch
src/test/java/com/sportsbook/oddsfeed/cache/RedisOddsCacheTest.java	592074b44fcf798ca372af20d4a688700a4e7271	592074b44fcf798ca372af20d4a688700a4e7271	identical	frozen-source	src/test/java/com/sportsbook/oddsfeed/cache/RedisOddsCacheTest.java	inherit-frozen-source	oid-identical-no-reread	source-basis-path-is-not-copied-from-a-learning-branch
src/test/java/com/sportsbook/oddsfeed/kafka/AvroSerializerTest.java	19e0858b2d58228030127c7f558701a1b2bc0bfd	19e0858b2d58228030127c7f558701a1b2bc0bfd	identical	frozen-source	src/test/java/com/sportsbook/oddsfeed/kafka/AvroSerializerTest.java	inherit-frozen-source	oid-identical-no-reread	source-basis-path-is-not-copied-from-a-learning-branch
src/test/java/com/sportsbook/oddsfeed/load/KafkaPublishThroughputTest.java	8791e8bcae072e525e5c847da015679545564041	8791e8bcae072e525e5c847da015679545564041	identical	frozen-source	src/test/java/com/sportsbook/oddsfeed/load/KafkaPublishThroughputTest.java	inherit-frozen-source	oid-identical-no-reread	source-basis-path-is-not-copied-from-a-learning-branch
src/test/java/com/sportsbook/oddsfeed/orchestrator/FeedOrchestratorTest.java	4f31a53022b911370ab31323cbc86e88eea2b46e	4f31a53022b911370ab31323cbc86e88eea2b46e	identical	frozen-source	src/test/java/com/sportsbook/oddsfeed/orchestrator/FeedOrchestratorTest.java	inherit-frozen-source	oid-identical-no-reread	source-basis-path-is-not-copied-from-a-learning-branch
src/test/java/com/sportsbook/oddsfeed/provider/EventSummaryTest.java	a60d0798a948d8401d1f0bbcf537a07c780698de	a60d0798a948d8401d1f0bbcf537a07c780698de	identical	frozen-source	src/test/java/com/sportsbook/oddsfeed/provider/EventSummaryTest.java	inherit-frozen-source	oid-identical-no-reread	source-basis-path-is-not-copied-from-a-learning-branch
src/test/java/com/sportsbook/oddsfeed/provider/MatchOutcomeTest.java	2219608ac5f615c54c788c98f0ead046e3cbbfb3	2219608ac5f615c54c788c98f0ead046e3cbbfb3	identical	frozen-source	src/test/java/com/sportsbook/oddsfeed/provider/MatchOutcomeTest.java	inherit-frozen-source	oid-identical-no-reread	source-basis-path-is-not-copied-from-a-learning-branch
src/test/java/com/sportsbook/oddsfeed/provider/ProviderEventTest.java	022508211b0c1257e3829e99acc58bfbeb3a76f5	022508211b0c1257e3829e99acc58bfbeb3a76f5	identical	frozen-source	src/test/java/com/sportsbook/oddsfeed/provider/ProviderEventTest.java	inherit-frozen-source	oid-identical-no-reread	source-basis-path-is-not-copied-from-a-learning-branch
src/test/java/com/sportsbook/oddsfeed/provider/mock/MockOddsProviderTest.java	1739a6f77a2338346744a889e43842ef39ce9751	1739a6f77a2338346744a889e43842ef39ce9751	identical	frozen-source	src/test/java/com/sportsbook/oddsfeed/provider/mock/MockOddsProviderTest.java	inherit-frozen-source	oid-identical-no-reread	source-basis-path-is-not-copied-from-a-learning-branch
src/test/java/com/sportsbook/oddsfeed/provider/mock/MockScenarioTest.java	c73480b8a6792658947fb31b5bab5512432620cd	c73480b8a6792658947fb31b5bab5512432620cd	identical	frozen-source	src/test/java/com/sportsbook/oddsfeed/provider/mock/MockScenarioTest.java	inherit-frozen-source	oid-identical-no-reread	source-basis-path-is-not-copied-from-a-learning-branch
src/test/java/com/sportsbook/oddsfeed/provider/mock/OddsSimulatorTest.java	52c6966b4cd2872b5e6da8b9b6d04b44368f36d1	52c6966b4cd2872b5e6da8b9b6d04b44368f36d1	identical	frozen-source	src/test/java/com/sportsbook/oddsfeed/provider/mock/OddsSimulatorTest.java	inherit-frozen-source	oid-identical-no-reread	source-basis-path-is-not-copied-from-a-learning-branch
src/test/java/com/sportsbook/oddsfeed/provider/real/RateLimiterTest.java	49cafbce4736bad3f2b2fff377601bece88cbacb	49cafbce4736bad3f2b2fff377601bece88cbacb	identical	frozen-source	src/test/java/com/sportsbook/oddsfeed/provider/real/RateLimiterTest.java	inherit-frozen-source	oid-identical-no-reread	source-basis-path-is-not-copied-from-a-learning-branch
src/test/java/com/sportsbook/oddsfeed/provider/real/TheOddsApiProviderTest.java	08d33581ed54bce6a7c70566f428dc672d62f071	08d33581ed54bce6a7c70566f428dc672d62f071	identical	frozen-source	src/test/java/com/sportsbook/oddsfeed/provider/real/TheOddsApiProviderTest.java	inherit-frozen-source	oid-identical-no-reread	source-basis-path-is-not-copied-from-a-learning-branch
src/test/java/com/sportsbook/oddsfeed/publisher/OddsFeedPublisherTest.java	fd614a26a1e489f4d41cb696efc2ffe9cafa2868	fd614a26a1e489f4d41cb696efc2ffe9cafa2868	identical	frozen-source	src/test/java/com/sportsbook/oddsfeed/publisher/OddsFeedPublisherTest.java	inherit-frozen-source	oid-identical-no-reread	source-basis-path-is-not-copied-from-a-learning-branch
